ID,Headline,Source,Category,Time,URL
1,New York Borsası Düşüşle Kapandı,Halk TV,İş,2024-05-29T20:49:00Z,news.google.com/articles/CBMiSGh0dHBzOi8vaGFsa3R2LmNvbS50ci9la29ub21pL25ldy15b3JrLWJvcnNhc2ktZHVzdXNsZS1rYXBhbmRpLTgtODM4NjQ5aNIBVGh0dHBzOi8vaGFsa3R2LmNvbS50ci9zZXJ2aWNlL2FtcC9la29ub21pL25ldy15b3JrLWJvcnNhc2ktZHVzdXNsZS1rYXBhbmRpLTgtODM4NjQ5aA?hl=tr&gl=TR&ceid=TR%3Atr
2,Asya borsaları bölgeden gelen ekonomik verileri takip ediyor,Bloomberg HT,İş,2024-05-30T03:49:43Z,news.google.com/articles/CBMiYGh0dHBzOi8vd3d3LmJsb29tYmVyZ2h0LmNvbS9hc3lhLWJvcnNhbGFyaS1ib2xnZWRlbi1nZWxlbi1la29ub21pay12ZXJpbGVyaS10YWtpcC1lZGl5b3ItMjM1Mzg1OdIBZGh0dHBzOi8vd3d3LmJsb29tYmVyZ2h0LmNvbS9hc3lhLWJvcnNhbGFyaS1ib2xnZWRlbi1nZWxlbi1la29ub21pay12ZXJpbGVyaS10YWtpcC1lZGl5b3ItMjM1Mzg1OS1hbXA?hl=tr&gl=TR&ceid=TR%3Atr
3,Hazine getirileri yükselirken dolar iki haftanın zirvesini gördü Yazar Investing.com,Investing.com Türkiye,İş,2024-05-30T01:34:02Z,news.google.com/articles/CBMid2h0dHBzOi8vdHIuaW52ZXN0aW5nLmNvbS9uZXdzL2Vjb25vbXktbmV3cy9oYXppbmUtZ2V0aXJpbGVyaS15dWtzZWxpcmtlbi1kb2xhci1pa2ktaGFmdGFubi16aXJ2ZXNpbmktZ29yZHUtOTNDSC0yODczNDg40gEA?hl=tr&gl=TR&ceid=TR%3Atr
4,New York borsası düşüşle açıldı,Mynet,İş,2024-05-29T14:11:38Z,news.google.com/articles/CBMiUmh0dHBzOi8vZmluYW5zLm15bmV0LmNvbS9oYWJlci9kZXRheS9ib3JzYS9uZXcteW9yay1ib3JzYXNpLWR1c3VzbGUtYWNpbGRpLzQ4MzQ5OS_SAUdodHRwczovL3d3dy5teW5ldC5jb20vYW1wL25ldy15b3JrLWJvcnNhc2ktZHVzdXNsZS1hY2lsZGktZmluYW5zLTQ4MzQ5OQ?hl=tr&gl=TR&ceid=TR%3Atr
5,"Altın fiyatları son dakika: 30 Mayıs 2024 altın fiyatları canlı alış-satış tablosu ile çeyrek altın, gram altın kaç TL?",Habertürk,İş,2024-05-30T04:40:00Z,news.google.com/articles/CBMilgFodHRwczovL3d3dy5oYWJlcnR1cmsuY29tL2FsdGluLWZpeWF0bGFyaS1zb24tZGFraWthLTMwLW1heWlzLTIwMjQtYWx0aW4tZml5YXRsYXJpLWNhbmxpLWFsaXMtc2F0aXMtdGFibG9zdS1pbGUtY2V5cmVrLWFsdGluLWdyYW0tYWx0aW4ta2FjLXRsLTM2OTA4NDXSAQA?hl=tr&gl=TR&ceid=TR%3Atr
6,Altın ve gümüş fiyatları kritik veri öncesi geriledi,Sözcü,İş,2024-05-29T13:43:00Z,news.google.com/articles/CBMiVGh0dHBzOi8vd3d3LnNvemN1LmNvbS50ci9hbHRpbi12ZS1ndW11cy1maXlhdGxhcmkta3JpdGlrLXZlcmktb25jZXNpLWdlcmlsZWRpLXA1MDg2NdIBWGh0dHBzOi8vd3d3LnNvemN1LmNvbS50ci9hbXAvYWx0aW4tdmUtZ3VtdXMtZml5YXRsYXJpLWtyaXRpay12ZXJpLW9uY2VzaS1nZXJpbGVkaS1wNTA4NjU?hl=tr&gl=TR&ceid=TR%3Atr
7,Altın düşüyor... İşte son rakamlar,Odatv,İş,2024-05-29T07:50:06Z,news.google.com/articles/CBMiiAFodHRwczovL3d3dy5vZGF0di5jb20vZ3VuY2VsL2dyYW0tYWx0aW4tY2V5cmVrLWFsdGluLXlhcmltLWFsdGluLXRhbS1hbHRpbi1jdW1odXJpeWV0LWFsdGluaS1uZS1rYWRhci0yOS1tYXlpcy1hbHRpbi1maXlhdGxhcmktMTIwMDQ2MDU50gGMAWh0dHBzOi8vd3d3Lm9kYXR2LmNvbS9hbXAvZ3VuY2VsL2dyYW0tYWx0aW4tY2V5cmVrLWFsdGluLXlhcmltLWFsdGluLXRhbS1hbHRpbi1jdW1odXJpeWV0LWFsdGluaS1uZS1rYWRhci0yOS1tYXlpcy1hbHRpbi1maXlhdGxhcmktMTIwMDQ2MDU5?hl=tr&gl=TR&ceid=TR%3Atr
8,"Bayram öncesi piyasalar hazırlık yapıyor! Altın fiyatları düşerken yeni tahmin geldi: Cuma gününe dikkat, fiyatları etkileyecek",Mynet,İş,2024-05-29T04:50:25Z,news.google.com/articles/CBMinAFodHRwczovL2ZpbmFucy5teW5ldC5jb20vaGFiZXIvZGV0YXkvYWx0aW4vYmF5cmFtLW9uY2VzaS1waXlhc2FsYXItaGF6aXJsaWsteWFwaXlvci1hbHRpbi1maXlhdGxhcmktZHVzZXJrZW4teWVuaS10YWhtaW4tZ2VsZGktYmVuLXllbWVkaW0tYWwtc2VuLXllLzQ4MzQyOS_SAZEBaHR0cHM6Ly93d3cubXluZXQuY29tL2FtcC9iYXlyYW0tb25jZXNpLXBpeWFzYWxhci1oYXppcmxpay15YXBpeW9yLWFsdGluLWZpeWF0bGFyaS1kdXNlcmtlbi15ZW5pLXRhaG1pbi1nZWxkaS1iZW4teWVtZWRpbS1hbC1zZW4teWUtZmluYW5zLTQ4MzQyOQ?hl=tr&gl=TR&ceid=TR%3Atr
9,"Borsa neden düşüyor, ne oldu? 29 Mayıs 2024 Çarşamba Borsa İstanbul BIST 100 endeksi ile borsa bugün neden düştü?",Habertürk,İş,2024-05-29T15:37:38Z,news.google.com/articles/CBMieWh0dHBzOi8vd3d3LmhhYmVydHVyay5jb20vYm9yc2EtbmVkZW4tZHVzdXlvci0yOS1tYXlpcy0yMDI0LWNhcnNhbWJhLWJpc3QtMTAwLWVuZGVrc2ktaWxlLWJvcnNhLWJ1Z3VuLW5lZGVuLWR1c3R1LTM2OTA3NTHSAXtodHRwczovL20uaGFiZXJ0dXJrLmNvbS9ib3JzYS1uZWRlbi1kdXN1eW9yLTI5LW1heWlzLTIwMjQtY2Fyc2FtYmEtYmlzdC0xMDAtZW5kZWtzaS1pbGUtYm9yc2EtYnVndW4tbmVkZW4tZHVzdHUtMzY5MDc1MS1hbXA?hl=tr&gl=TR&ceid=TR%3Atr
10,BIST 100 Satışa Döndü,Bloomberg HT,İş,2024-05-29T15:51:54Z,news.google.com/articles/CBMiTWh0dHBzOi8vd3d3LmJsb29tYmVyZ2h0LmNvbS9idXNpbmVzc2h0LWxpdmUvdmlkZW8vYmlzdC0xMDAtc2F0aXNhLWRvbmR1Lzc3NDg50gEA?hl=tr&gl=TR&ceid=TR%3Atr
11,Borsada tırmanış sürüyor... En çok kazandıran hissler,Odatv,İş,2024-05-29T07:37:51Z,news.google.com/articles/CBMiZGh0dHBzOi8vd3d3Lm9kYXR2LmNvbS9ndW5jZWwvYm9yc2FkYS10aXJtYW5pcy1zdXJ1eW9yLWJpc3QtMTAwZGUtZW4tY29rLWthemFuZGlyYW4taGlzc2xlci0xMjAwNDYwNTTSAWhodHRwczovL3d3dy5vZGF0di5jb20vYW1wL2d1bmNlbC9ib3JzYWRhLXRpcm1hbmlzLXN1cnV5b3ItYmlzdC0xMDBkZS1lbi1jb2sta2F6YW5kaXJhbi1oaXNzbGVyLTEyMDA0NjA1NA?hl=tr&gl=TR&ceid=TR%3Atr
12,BIST 100 bugün negatif seyrederken hangi hisseler pozitif ayrıştı? Yazar Investing.com,Investing.com Türkiye,İş,2024-05-29T14:45:53Z,news.google.com/articles/CBMid2h0dHBzOi8vdHIuaW52ZXN0aW5nLmNvbS9uZXdzL3N0b2NrLW1hcmtldC1uZXdzL2Jpc3QtMTAwLWJ1Z3VuLW5lZ2F0aWYtc2V5cmVkZXJrZW4taGFuZ2ktaGlzc2VsZXItcG96aXRpZi1heXJzdC0yODcyNDUy0gEA?hl=tr&gl=TR&ceid=TR%3Atr
13,Uçak motoruna kapılan kişi öldü,Sözcü,İş,2024-05-29T20:17:00Z,news.google.com/articles/CBMiP2h0dHBzOi8vd3d3LnNvemN1LmNvbS50ci91Y2FrLW1vdG9ydW5hLWthcGlsYW4ta2lzaS1vbGR1LXA1MDkzNtIBQ2h0dHBzOi8vd3d3LnNvemN1LmNvbS50ci9hbXAvdWNhay1tb3RvcnVuYS1rYXBpbGFuLWtpc2ktb2xkdS1wNTA5MzY?hl=tr&gl=TR&ceid=TR%3Atr
14,Jet motoruna düşen yolcu hayatını kaybetti,Medyascope,İş,2024-05-30T04:59:16Z,news.google.com/articles/CBMiTGh0dHBzOi8vbWVkeWFzY29wZS50di8yMDI0LzA1LzMwL2pldC1tb3RvcnVuYS1kdXNlbi15b2xjdS1oYXlhdGluaS1rYXliZXR0aS_SAQA?hl=tr&gl=TR&ceid=TR%3Atr
15,Havalimanında uçak motoruna kapılan kişi öldü,Gazete Duvar,İş,2024-05-29T22:46:45Z,news.google.com/articles/CBMiWmh0dHBzOi8vd3d3LmdhemV0ZWR1dmFyLmNvbS50ci9oYXZhbGltYW5pbmRhLXVjYWstbW90b3J1bmEta2FwaWxhbi1raXNpLW9sZHUtaGFiZXItMTY5NDk4M9IBXmh0dHBzOi8vd3d3LmdhemV0ZWR1dmFyLmNvbS50ci9hbXAvaGF2YWxpbWFuaW5kYS11Y2FrLW1vdG9ydW5hLWthcGlsYW4ta2lzaS1vbGR1LWhhYmVyLTE2OTQ5ODM?hl=tr&gl=TR&ceid=TR%3Atr
16,Hollanda'da uçak motoruna kapılan kişi hayatını kaybetti,BirGün,İş,2024-05-29T20:12:00Z,news.google.com/articles/CBMiXGh0dHBzOi8vd3d3LmJpcmd1bi5uZXQvaGFiZXIvaG9sbGFuZGEtZGEtdWNhay1tb3RvcnVuYS1rYXBpbGFuLWtpc2ktaGF5YXRpbmkta2F5YmV0dGktNTMzNzA40gEA?hl=tr&gl=TR&ceid=TR%3Atr
17,"Emlak Konut konut kredisi şartları ve kampanyaları | 72 ay vadeli, 1,29 faizli konut kredisi",Odatv,İş,2024-05-29T09:16:00Z,news.google.com/articles/CBMigAFodHRwczovL3d3dy5vZGF0di5jb20vZWtvbm9taS9lbWxhay1rb251dC1rb251dC1rcmVkaXNpLXNhcnRsYXJpLXZlLWthbXBhbnlhbGFyaS03Mi1heS12YWRlbGktMTI5LWZhaXpsaS1rb251dC1rcmVkaXNpLTEyMDA0NjA4NtIBhAFodHRwczovL3d3dy5vZGF0di5jb20vYW1wL2Vrb25vbWkvZW1sYWsta29udXQta29udXQta3JlZGlzaS1zYXJ0bGFyaS12ZS1rYW1wYW55YWxhcmktNzItYXktdmFkZWxpLTEyOS1mYWl6bGkta29udXQta3JlZGlzaS0xMjAwNDYwODY?hl=tr&gl=TR&ceid=TR%3Atr
18,Emlak Konut'tan indirim kampanyası,Bloomberg HT,İş,2024-05-29T11:33:53Z,news.google.com/articles/CBMiRmh0dHBzOi8vd3d3LmJsb29tYmVyZ2h0LmNvbS9lbWxhay1rb251dC10YW4taW5kaXJpbS1rYW1wYW55YXNpLTIzNTM4MzLSAUpodHRwczovL3d3dy5ibG9vbWJlcmdodC5jb20vZW1sYWsta29udXQtdGFuLWluZGlyaW0ta2FtcGFueWFzaS0yMzUzODMyLWFtcA?hl=tr&gl=TR&ceid=TR%3Atr
19,'Ev'de düşük faizli kampanya - Son Dakika Haberler,Hürriyet,İş,2024-05-30T04:00:00Z,news.google.com/articles/CBMiR2h0dHBzOi8vd3d3Lmh1cnJpeWV0LmNvbS50ci9la29ub21pL2V2ZGUtZHVzdWstZmFpemxpLWthbXBhbnlhLTQyNDY5NTI40gEA?hl=tr&gl=TR&ceid=TR%3Atr
20,"Son dakika: Konut kredi faizi 1,29 olacak! İstanbul, İzmir dahil 16 şehirde kampanya başladı: 4 koşullu ödeme",Mynet,İş,2024-05-29T08:15:04Z,news.google.com/articles/CBMitwFodHRwczovL2ZpbmFucy5teW5ldC5jb20vaGFiZXIvZGV0YXkvZW1sYWsvc29uLWRha2lrYS1rb251dC1rcmVkaS1mYWl6aS0xLTI5LW9sYWNhay1pc3RhbmJ1bC1pem1pci1kYWhpbC0xNi1zZWhpcmRlLWthbXBhbnlhLWJhc2xhZGktNC1rb3N1bHUtc2FnbGF5YW5hLXVjdXota3JlZGktZmFpemktaWxlLWV2LzQ4MzQ2MC_SAawBaHR0cHM6Ly93d3cubXluZXQuY29tL2FtcC9zb24tZGFraWthLWtvbnV0LWtyZWRpLWZhaXppLTEtMjktb2xhY2FrLWlzdGFuYnVsLWl6bWlyLWRhaGlsLTE2LXNlaGlyZGUta2FtcGFueWEtYmFzbGFkaS00LWtvc3VsdS1zYWdsYXlhbmEtdWN1ei1rcmVkaS1mYWl6aS1pbGUtZXYtZmluYW5zLTQ4MzQ2MA?hl=tr&gl=TR&ceid=TR%3Atr
21,Petrol jeopolitik gerginliğin artmasıyla yükseldi,Bloomberg HT,İş,2024-05-29T04:34:14Z,news.google.com/articles/CBMiVWh0dHBzOi8vd3d3LmJsb29tYmVyZ2h0LmNvbS9wZXRyb2wtamVvcG9saXRpay1nZXJnaW5saWdpbi1hcnRtYXNpeWxhLXl1a3NlbGRpLTIzNTM3NzjSAVlodHRwczovL3d3dy5ibG9vbWJlcmdodC5jb20vcGV0cm9sLWplb3BvbGl0aWstZ2VyZ2lubGlnaW4tYXJ0bWFzaXlsYS15dWtzZWxkaS0yMzUzNzc4LWFtcA?hl=tr&gl=TR&ceid=TR%3Atr
22,Petrolde yatay seyir,Bloomberg HT,İş,2024-05-30T04:07:16Z,news.google.com/articles/CBMiOGh0dHBzOi8vd3d3LmJsb29tYmVyZ2h0LmNvbS9wZXRyb2xkZS15YXRheS1zZXlpci0yMzUzODYw0gE8aHR0cHM6Ly93d3cuYmxvb21iZXJnaHQuY29tL3BldHJvbGRlLXlhdGF5LXNleWlyLTIzNTM4NjAtYW1w?hl=tr&gl=TR&ceid=TR%3Atr
23,"Petrol fiyatları hafif geriledi, gözler ABD stok verilerinde",Dünya Gazetesi,İş,2024-05-30T04:36:00Z,news.google.com/articles/CBMicGh0dHBzOi8vd3d3LmR1bnlhLmNvbS9zZWt0b3JsZXIvZW5lcmppL3BldHJvbC1maXlhdGxhcmktaGFmaWYtZ2VyaWxlZGktZ296bGVyLWFiZC1zdG9rLXZlcmlsZXJpbmRlLWhhYmVyaS03Mjk2MjDSAQA?hl=tr&gl=TR&ceid=TR%3Atr
24,"OPEC+'nın, üretim kesintilerini sürdürmesi bekleniyor Yazar Hibya",Investing.com Türkiye,İş,2024-05-29T06:25:44Z,news.google.com/articles/CBMiaGh0dHBzOi8vdHIuaW52ZXN0aW5nLmNvbS9uZXdzL2NvbW1vZGl0aWVzLW5ld3Mvb3BlY25uLXVyZXRpbS1rZXNpbnRpbGVyaW5pLXN1cmR1cm1lc2ktYmVrbGVuaXlvci0yODcxMTgx0gEA?hl=tr&gl=TR&ceid=TR%3Atr
25,Borsa İstanbul Günü Düşüşle Kapattı,Halk TV,İş,2024-05-29T16:27:48Z,news.google.com/articles/CBMiTGh0dHBzOi8vaGFsa3R2LmNvbS50ci9la29ub21pL2JvcnNhLWlzdGFuYnVsLWd1bnUtZHVzdXNsZS1rYXBhdHRpLTEwLTgzODYxMmjSAVhodHRwczovL2hhbGt0di5jb20udHIvc2VydmljZS9hbXAvZWtvbm9taS9ib3JzYS1pc3RhbmJ1bC1ndW51LWR1c3VzbGUta2FwYXR0aS0xMC04Mzg2MTJo?hl=tr&gl=TR&ceid=TR%3Atr
26,Mağaza geziyorlar alışveriş yapmıyorlar,Sözcü,İş,2024-05-30T02:30:00Z,news.google.com/articles/CBMiR2h0dHBzOi8vd3d3LnNvemN1LmNvbS50ci9tYWdhemEtZ2V6aXlvcmxhci1hbGlzdmVyaXMteWFwbWl5b3JsYXItcDUxOTU20gFLaHR0cHM6Ly93d3cuc296Y3UuY29tLnRyL2FtcC9tYWdhemEtZ2V6aXlvcmxhci1hbGlzdmVyaXMteWFwbWl5b3JsYXItcDUxOTU2?hl=tr&gl=TR&ceid=TR%3Atr
27,Perakende Günleri 2024 başladı,Anadolu Ajansı,İş,2024-05-29T13:17:13Z,news.google.com/articles/CBMiR2h0dHBzOi8vd3d3LmFhLmNvbS50ci90ci9la29ub21pL3BlcmFrZW5kZS1ndW5sZXJpLTIwMjQtYmFzbGFkaS8zMjM0MjIy0gEA?hl=tr&gl=TR&ceid=TR%3Atr
28,Perakende Günleri'nde kira tartışması yaşandı,Dünya Gazetesi,İş,2024-05-29T21:00:00Z,news.google.com/articles/CBMiWmh0dHBzOi8vd3d3LmR1bnlhLmNvbS9zZWt0b3JsZXIvcGVyYWtlbmRlLWd1bmxlcmluZGUta2lyYS10YXJ0aXNtYXNpLXlhc2FuZGktaGFiZXJpLTcyOTU5NdIBAA?hl=tr&gl=TR&ceid=TR%3Atr
29,Çetin Ünsalan Yazdı: 'Herkes haklı tartışması...',Paraanaliz,İş,2024-05-29T20:23:57Z,news.google.com/articles/CBMia2h0dHBzOi8vd3d3LnBhcmFhbmFsaXouY29tLzIwMjQveWF6YXJsYXIvY2V0aW4tdW5zYWxhbi9jZXRpbi11bnNhbGFuLXlhemRpLWhlcmtlcy1oYWtsaS10YXJ0aXNtYXNpLWctODc1OTIv0gEA?hl=tr&gl=TR&ceid=TR%3Atr
30,"MAYIS AYI ENFLASYON BEKLENTİSİ 2024 | Merkez Bankası TÜİK enflasyon rakamları açıklandı mı, ne zaman açıklanacak?",Milliyet,İş,2024-05-30T05:00:46Z,news.google.com/articles/CBMiuAFodHRwczovL3d3dy5taWxsaXlldC5jb20udHIvZ2FsZXJpL21heWlzLWF5aS1lbmZsYXN5b24tYmVrbGVudGlzaS0yMDI0LW1lcmtlei1iYW5rYXNpLXR1aWstZW5mbGFzeW9uLXJha2FtbGFyaS1hY2lrbGFuZGktbWktbmUtemFtYW4tYWNpa2xhbmFjYWstdHVmZS1lbmZsYXN5b24tdGFobWluaS1uZS15b25kZS03MTM0NDMz0gG8AWh0dHBzOi8vd3d3Lm1pbGxpeWV0LmNvbS50ci9hbXAvZ2FsZXJpL21heWlzLWF5aS1lbmZsYXN5b24tYmVrbGVudGlzaS0yMDI0LW1lcmtlei1iYW5rYXNpLXR1aWstZW5mbGFzeW9uLXJha2FtbGFyaS1hY2lrbGFuZGktbWktbmUtemFtYW4tYWNpa2xhbmFjYWstdHVmZS1lbmZsYXN5b24tdGFobWluaS1uZS15b25kZS03MTM0NDMz?hl=tr&gl=TR&ceid=TR%3Atr
31,Mayıs ayı enflasyonunda zirve beklentisi,Bloomberg HT,İş,2024-05-29T19:19:36Z,news.google.com/articles/CBMiTGh0dHBzOi8vd3d3LmJsb29tYmVyZ2h0LmNvbS9tYXlpcy1heWktZW5mbGFzeW9udW5kYS16aXJ2ZS1iZWtsZW50aXNpLTIzNTM4NTTSAVBodHRwczovL3d3dy5ibG9vbWJlcmdodC5jb20vbWF5aXMtYXlpLWVuZmxhc3lvbnVuZGEtemlydmUtYmVrbGVudGlzaS0yMzUzODU0LWFtcA?hl=tr&gl=TR&ceid=TR%3Atr
32,Enflasyon verileri ne zaman açıklanacak? Emekli ve memur maaşı zammı için gözler enflasyon verilerinde,NTV,İş,2024-05-29T14:32:27Z,news.google.com/articles/CBMiogFodHRwczovL3d3dy5udHYuY29tLnRyL2dhbGVyaS9la29ub21pL2VuZmxhc3lvbi12ZXJpbGVyaS1uZS16YW1hbi1hY2lrbGFuYWNhay1lbWVrbGktdmUtbWVtdXItbWFhc2ktemFtbWktaWNpbi1nb3psZXItZW5mbGFzeW9uLXZlcmlsZXJpbmRlLFlRVm5uZEdnSzBxVVREZEp2amdCMWfSAaYBaHR0cHM6Ly93d3cubnR2LmNvbS50ci9hbXAvZ2FsZXJpL2Vrb25vbWkvZW5mbGFzeW9uLXZlcmlsZXJpLW5lLXphbWFuLWFjaWtsYW5hY2FrLWVtZWtsaS12ZS1tZW11ci1tYWFzaS16YW1taS1pY2luLWdvemxlci1lbmZsYXN5b24tdmVyaWxlcmluZGUsWVFWbm5kR2dLMHFVVERkSnZqZ0IxZw?hl=tr&gl=TR&ceid=TR%3Atr
33,Mayıs ayı enflasyonu ne olacak? Gözler 3 Haziran'daydı: Yıl sonu dolar tahmini de belli oldu,Mynet,İş,2024-05-29T12:19:30Z,news.google.com/articles/CBMijwFodHRwczovL2ZpbmFucy5teW5ldC5jb20vaGFiZXIvZGV0YXkvZWtvbm9taS9tYXlpcy1heWktZW5mbGFzeW9udS1uZS1vbGFjYWstZ296bGVyLTMtaGF6aXJhbi1kYXlkaS15aWwtc29udS1kb2xhci10YWhtaW5pLWRlLWJlbGxpLW9sZHUvNDgzNDgzL9IBggFodHRwczovL3d3dy5teW5ldC5jb20vYW1wL21heWlzLWF5aS1lbmZsYXN5b251LW5lLW9sYWNhay1nb3psZXItMy1oYXppcmFuLWRheWRpLXlpbC1zb251LWRvbGFyLXRhaG1pbmktZGUtYmVsbGktb2xkdS1maW5hbnMtNDgzNDgz?hl=tr&gl=TR&ceid=TR%3Atr
34,Almanya'da enflasyon yeniden yükseldi,Cumhuriyet,İş,2024-05-29T13:05:26Z,news.google.com/articles/CBMiUmh0dHBzOi8vd3d3LmN1bWh1cml5ZXQuY29tLnRyL2Vrb25vbWkvYWxtYW55YWRhLWVuZmxhc3lvbi15ZW5pZGVuLXl1a3NlbGRpLTIyMTE5MTbSAVZodHRwczovL3d3dy5jdW1odXJpeWV0LmNvbS50ci9hbXAvZWtvbm9taS9hbG1hbnlhZGEtZW5mbGFzeW9uLXllbmlkZW4teXVrc2VsZGktMjIxMTkxNg?hl=tr&gl=TR&ceid=TR%3Atr
35,Almanya'da enflasyon yeniden yükselişte,Bloomberg HT,İş,2024-05-29T12:51:33Z,news.google.com/articles/CBMiS2h0dHBzOi8vd3d3LmJsb29tYmVyZ2h0LmNvbS9hbG1hbnlhLWRhLWVuZmxhc3lvbi15ZW5pZGVuLXl1a3NlbGlzdGUtMjM1MzgzONIBT2h0dHBzOi8vd3d3LmJsb29tYmVyZ2h0LmNvbS9hbG1hbnlhLWRhLWVuZmxhc3lvbi15ZW5pZGVuLXl1a3NlbGlzdGUtMjM1MzgzOC1hbXA?hl=tr&gl=TR&ceid=TR%3Atr
36,Almanya'da mayıs ayı enflasyonu beklentilerin üzerinde,Sözcü,İş,2024-05-29T12:48:27Z,news.google.com/articles/CBMiVmh0dHBzOi8vd3d3LnNvemN1LmNvbS50ci9hbG1hbnlhLWRhLW1heWlzLWF5aS1lbmZsYXN5b251LWJla2xlbnRpbGVyaW4tdXplcmluZGUtcDUwODQz0gFaaHR0cHM6Ly93d3cuc296Y3UuY29tLnRyL2FtcC9hbG1hbnlhLWRhLW1heWlzLWF5aS1lbmZsYXN5b251LWJla2xlbnRpbGVyaW4tdXplcmluZGUtcDUwODQz?hl=tr&gl=TR&ceid=TR%3Atr
37,Almanya'da reel ücretlerde rekor artış,Mynet,İş,2024-05-29T14:48:56Z,news.google.com/articles/CBMiY2h0dHBzOi8vZmluYW5zLm15bmV0LmNvbS9oYWJlci9kZXRheS9rdXJlc2VsLWVrb25vbWkvYWxtYW55YS1kYS1yZWVsLXVjcmV0bGVyZGUtcmVrb3ItYXJ0aXMvNDgzNTAyL9IBTmh0dHBzOi8vd3d3Lm15bmV0LmNvbS9hbXAvYWxtYW55YS1kYS1yZWVsLXVjcmV0bGVyZGUtcmVrb3ItYXJ0aXMtZmluYW5zLTQ4MzUwMg?hl=tr&gl=TR&ceid=TR%3Atr
38,Rekor kıran Nvidia hisselerine Elon Musk dopingi,Sözcü,İş,2024-05-29T07:28:00Z,news.google.com/articles/CBMiUGh0dHBzOi8vd3d3LnNvemN1LmNvbS50ci9yZWtvci1raXJhbi1udmlkaWEtaGlzc2VsZXJpbmUtZWxvbi1tdXNrLWRvcGluZ2ktcDUwNzIw0gFUaHR0cHM6Ly93d3cuc296Y3UuY29tLnRyL2FtcC9yZWtvci1raXJhbi1udmlkaWEtaGlzc2VsZXJpbmUtZWxvbi1tdXNrLWRvcGluZ2ktcDUwNzIw?hl=tr&gl=TR&ceid=TR%3Atr
39,Nvidia hisseleri durdurulamıyor,Bloomberg HT,İş,2024-05-29T05:29:19Z,news.google.com/articles/CBMiQ2h0dHBzOi8vd3d3LmJsb29tYmVyZ2h0LmNvbS9udmlkaWEtaGlzc2VsZXJpLWR1cmR1cnVsYW1peW9yLTIzNTM3ODDSAUdodHRwczovL3d3dy5ibG9vbWJlcmdodC5jb20vbnZpZGlhLWhpc3NlbGVyaS1kdXJkdXJ1bGFtaXlvci0yMzUzNzgwLWFtcA?hl=tr&gl=TR&ceid=TR%3Atr
40,Nasdaq ilk kez 17.000'in üzerinde kapandı,Dünya Gazetesi,İş,2024-05-29T04:14:00Z,news.google.com/articles/CBMiYWh0dHBzOi8vd3d3LmR1bnlhLmNvbS9maW5hbnMvaGFiZXJsZXIvYm9yc2EvbmFzZGFxLWlsay1rZXotMTcwMDBpbi11emVyaW5kZS1rYXBhbmRpLWhhYmVyaS03Mjk0MjDSAQA?hl=tr&gl=TR&ceid=TR%3Atr
41,Nasdaq ilk kez 17 binin üzerinde kapandı,Milliyet,İş,2024-05-29T06:07:24Z,news.google.com/articles/CBMiVmh0dHBzOi8vd3d3Lm1pbGxpeWV0LmNvbS50ci91em1hbnBhcmEvbmFzZGFxLWlsay1rZXotMTctYmluaW4tdXplcmluZGUta2FwYW5kaS03MTMzOTk40gFaaHR0cHM6Ly93d3cubWlsbGl5ZXQuY29tLnRyL2FtcC91em1hbnBhcmEvbmFzZGFxLWlsay1rZXotMTctYmluaW4tdXplcmluZGUta2FwYW5kaS03MTMzOTk4?hl=tr&gl=TR&ceid=TR%3Atr
42,"Türk Eximbank, 1 milyar avro kredi aldı",Diken,İş,2024-05-29T11:38:01Z,news.google.com/articles/CBMiQGh0dHBzOi8vd3d3LmRpa2VuLmNvbS50ci90dXJrLWV4aW1iYW5rLTEtbWlseWFyLWF2cm8ta3JlZGktYWxkaS_SAQA?hl=tr&gl=TR&ceid=TR%3Atr
43,Eximbank 1 milyar euroluk kredi sağladı,Bloomberg HT,İş,2024-05-29T08:07:37Z,news.google.com/articles/CBMiS2h0dHBzOi8vd3d3LmJsb29tYmVyZ2h0LmNvbS9leGltYmFuay0xLW1pbHlhci1ldXJvbHVrLWtyZWRpLXNhZ2xhZGktMjM1Mzc5MdIBT2h0dHBzOi8vd3d3LmJsb29tYmVyZ2h0LmNvbS9leGltYmFuay0xLW1pbHlhci1ldXJvbHVrLWtyZWRpLXNhZ2xhZGktMjM1Mzc5MS1hbXA?hl=tr&gl=TR&ceid=TR%3Atr
44,Türk Eximbank’tan 1 milyar euroluk kredi anlaşması,Hürriyet,İş,2024-05-29T09:51:07Z,news.google.com/articles/CBMiZGh0dHBzOi8vbWJpZ3BhcmEuaHVycml5ZXQuY29tLnRyL2hhYmVybGVyL3R1cmstZXhpbWJhbmstdGFuLTEtbWlseWFyLWV1cm9sdWsta3JlZGktYW5sYXNtYXNpLzE0ODA4MDDSAWlodHRwczovL21iaWdwYXJhLmh1cnJpeWV0LmNvbS50ci9hbXAvaGFiZXJsZXIvdHVyay1leGltYmFuay10YW4tMS1taWx5YXItZXVyb2x1ay1rcmVkaS1hbmxhc21hc2kvMTQ4MDgwMC8?hl=tr&gl=TR&ceid=TR%3Atr
45,Eximbank Dünya Bankası garantisi ile 1 milyar euro kredi anlaşması,Dünya Gazetesi,İş,2024-05-29T07:25:00Z,news.google.com/articles/CBMibmh0dHBzOi8vd3d3LmR1bnlhLmNvbS9la29ub21pL2V4aW1iYW5rLWR1bnlhLWJhbmthc2ktZ2FyYW50aXNpLWlsZS0xLW1pbHlhci1ldXJvLWtyZWRpLWFubGFzbWFzaS1oYWJlcmktNzI5NDYz0gEA?hl=tr&gl=TR&ceid=TR%3Atr
46,Dövizde ibre düşmüyor... Dolar ve euroda son fiyatlar,Odatv,İş,2024-05-29T07:59:00Z,news.google.com/articles/CBMiYmh0dHBzOi8vd3d3Lm9kYXR2LmNvbS9ndW5jZWwvZG9sYXJkYS1pYnJlLWR1c211eW9yLTI5LW1heWlzLWRvbGFyLWV1cm8tc3Rlcmxpbi1maXlhdGxhcmktMTIwMDQ2MDYz0gFmaHR0cHM6Ly93d3cub2RhdHYuY29tL2FtcC9ndW5jZWwvZG9sYXJkYS1pYnJlLWR1c211eW9yLTI5LW1heWlzLWRvbGFyLWV1cm8tc3Rlcmxpbi1maXlhdGxhcmktMTIwMDQ2MDYz?hl=tr&gl=TR&ceid=TR%3Atr
47,"💲1 DOLAR NE KADAR? | Euro, dolar, sterlin, gram, çeyrek, yarım altın kaç TL? - 30 Mayıs 2024 Döviz Kuru",Aspor,İş,2024-05-30T03:49:34Z,news.google.com/articles/CBMiiAFodHRwczovL3d3dy5hc3Bvci5jb20udHIvaGFiZXJsZXIvMjAyNC8wNS8zMC8xLWRvbGFyLW5lLWthZGFyLWV1cm8tZG9sYXItc3Rlcmxpbi1ncmFtLWNleXJlay15YXJpbS1hbHRpbi1rYWMtdGwtMzAtbWF5aXMtMjAyNC1kb3Zpei1rdXJ10gGMAWh0dHBzOi8vd3d3LmFzcG9yLmNvbS50ci9oYWJlcmxlci8yMDI0LzA1LzMwLzEtZG9sYXItbmUta2FkYXItZXVyby1kb2xhci1zdGVybGluLWdyYW0tY2V5cmVrLXlhcmltLWFsdGluLWthYy10bC0zMC1tYXlpcy0yMDI0LWRvdml6LWt1cnUvYW1w?hl=tr&gl=TR&ceid=TR%3Atr
48,Serbest piyasada döviz fiyatları İhlas Haber Ajansı,İhlas Haber Ajansı,İş,2024-05-29T06:17:05Z,news.google.com/articles/CBMiU2h0dHBzOi8vd3d3LmloYS5jb20udHIvaXN0YW5idWwtaGFiZXJsZXJpL3NlcmJlc3QtcGl5YXNhZGEtZG92aXotZml5YXRsYXJpLTg2NTAyMzI00gEA?hl=tr&gl=TR&ceid=TR%3Atr
49,"Euro ne kadar, 1 Euro kaç TL? Euro yükseliyor mu? 29 Mayıs Euro kaç lira?",MSN,İş,2024-05-29T13:10:18Z,news.google.com/articles/CBMijQFodHRwczovL3d3dy5tc24uY29tL3RyLXRyL3ZpZGVvL3BvcHVsZXIvZXVyby1uZS1rYWRhci0xLWV1cm8ta2ElQzMlQTctdGwtZXVyby15JUMzJUJDa3NlbGl5b3ItbXUtMjktbWF5JUM0JUIxcy1ldXJvLWthJUMzJUE3LWxpcmEvdmktQkIxbmdnOTjSAQA?hl=tr&gl=TR&ceid=TR%3Atr
50,Türkiye yüzünü altına döndü: 4 ayda 55 ton,Odatv,İş,2024-05-30T03:49:13Z,news.google.com/articles/CBMiUWh0dHBzOi8vd3d3Lm9kYXR2LmNvbS9la29ub21pL3R1cmtpeWUteXV6dW51LWFsdGluYS1kb25kdS00LWF5ZGEtNTUtdG9uLTEyMDA0NjIxNNIBVWh0dHBzOi8vd3d3Lm9kYXR2LmNvbS9hbXAvZWtvbm9taS90dXJraXllLXl1enVudS1hbHRpbmEtZG9uZHUtNC1heWRhLTU1LXRvbi0xMjAwNDYyMTQ?hl=tr&gl=TR&ceid=TR%3Atr
51,"Türkiye, yılın ilk 4 ayında altın rezervlerini 55 tondan fazla artırdı Yazar Foreks",Investing.com Türkiye,İş,2024-05-29T12:31:27Z,news.google.com/articles/CBMidmh0dHBzOi8vdHIuaW52ZXN0aW5nLmNvbS9uZXdzL2NvbW1vZGl0aWVzLW5ld3MvdHVya2l5ZS15bG4taWxrLTQtYXluZGEtYWx0bi1yZXplcnZsZXJpbmktNTUtdG9uZGFuLWZhemxhLWFydHJkLTI4NzExODTSAQA?hl=tr&gl=TR&ceid=TR%3Atr
52,"Türkiye, dört ayda 55 ton altın aldı - Son Dakika Ekonomi Haberleri | Ntv Para",NTV,İş,2024-05-29T07:45:14Z,news.google.com/articles/CBMiX2h0dHBzOi8vd3d3Lm50di5jb20udHIvbnR2cGFyYS9hbHRpbi90dXJraXllLWRvcnQtYXlkYS01NS10b24tYWx0aW4tYWxkaSxXaUxpWGY5T2lFMklGZlp2VkJpTXVn0gEA?hl=tr&gl=TR&ceid=TR%3Atr
53,"Türkiye, yılın ilk 4 ayında altın rezervlerini 55 tondan fazla artırdı haberi - FinansGündem.com",Finans Gündem,İş,2024-05-29T03:38:00Z,news.google.com/articles/CBMicGh0dHBzOi8vd3d3LmZpbmFuc2d1bmRlbS5jb20vaGFiZXIvdHVya2l5ZS15aWxpbi1pbGstNC1heWluZGEtYWx0aW4tcmV6ZXJ2bGVyaW5pLTU1LXRvbmRhbi1mYXpsYS1hcnRpcmRpLzE4MDA4OTfSAQA?hl=tr&gl=TR&ceid=TR%3Atr
54,AMB'nin şahininden maksimum üç faiz indirimi sinyali,Bloomberg HT,İş,2024-05-28T13:05:22Z,news.google.com/articles/CBMiWGh0dHBzOi8vd3d3LmJsb29tYmVyZ2h0LmNvbS9hbWItbmluLXNhaGluaW5kZW4tbWFrc2ltdW0tdWMtZmFpei1pbmRpcmltaS1zaW55YWxpLTIzNTM3NTLSAVxodHRwczovL3d3dy5ibG9vbWJlcmdodC5jb20vYW1iLW5pbi1zYWhpbmluZGVuLW1ha3NpbXVtLXVjLWZhaXotaW5kaXJpbWktc2lueWFsaS0yMzUzNzUyLWFtcA?hl=tr&gl=TR&ceid=TR%3Atr
55,AMB: Tüketici enflasyon beklentileri geriledi,Bloomberg HT,İş,2024-05-28T10:31:00Z,news.google.com/articles/CBMiUGh0dHBzOi8vd3d3LmJsb29tYmVyZ2h0LmNvbS9hbWItdHVrZXRpY2ktZW5mbGFzeW9uLWJla2xlbnRpbGVyaS1nZXJpbGVkaS0yMzUzNzQz0gFUaHR0cHM6Ly93d3cuYmxvb21iZXJnaHQuY29tL2FtYi10dWtldGljaS1lbmZsYXN5b24tYmVrbGVudGlsZXJpLWdlcmlsZWRpLTIzNTM3NDMtYW1w?hl=tr&gl=TR&ceid=TR%3Atr
56,"ECB Haziran'da faiz indirimine hazırlanıyor, 2024'te daha fazla indirim bekleniyor Yazar Investing.com",Investing.com Türkiye,İş,2024-05-29T19:33:56Z,news.google.com/articles/CBMihQFodHRwczovL3RyLmludmVzdGluZy5jb20vbmV3cy9lY29ub215LW5ld3MvZWNiLWhhemlyYW5kYS1mYWl6LWluZGlyaW1pbmUtaGF6cmxhbnlvci0yMDI0dGUtZGFoYS1mYXpsYS1pbmRpcmltLWJla2xlbml5b3ItOTNDSC0yODczMDcx0gEA?hl=tr&gl=TR&ceid=TR%3Atr
57,ECB yöneticisi faiz indirimi için tarih verdi,bigpara,İş,2024-05-27T14:20:00Z,news.google.com/articles/CBMic2h0dHBzOi8vYmlncGFyYS5odXJyaXlldC5jb20udHIvaGFiZXJsZXIvZWtvbm9taS1oYWJlcmxlcmkvZWNiLXlvbmV0aWNpc2ktZmFpei1pbmRpcmltaS1pY2luLXRhcmloLXZlcmRpX0lEMTQ4MDc3OS_SAWRodHRwczovL21iaWdwYXJhLmh1cnJpeWV0LmNvbS50ci9hbXAvaGFiZXJsZXIvZWNiLXlvbmV0aWNpc2ktZmFpei1pbmRpcmltaS1pY2luLXRhcmloLXZlcmRpLzE0ODA3Nzkv?hl=tr&gl=TR&ceid=TR%3Atr
58,OpenAI CEO'su Sam Altman'ın neden kovulduğu belli oldu,Cumhuriyet,İş,2024-05-29T10:23:53Z,news.google.com/articles/CBMiamh0dHBzOi8vd3d3LmN1bWh1cml5ZXQuY29tLnRyL2JpbGltLXRla25vbG9qaS9vcGVuYWktY2Vvc3Utc2FtLWFsdG1hbmluLW5lZGVuLWtvdnVsZHVndS1iZWxsaS1vbGR1LTIyMTE4NTDSAQA?hl=tr&gl=TR&ceid=TR%3Atr
59,"OpenAI'dan ""denetim kurulu"" adımı",Bloomberg HT,İş,2024-05-28T11:29:20Z,news.google.com/articles/CBMiQ2h0dHBzOi8vd3d3LmJsb29tYmVyZ2h0LmNvbS9vcGVuYWktZGFuLWRlbmV0aW0ta3VydWx1LWFkaW1pLTIzNTM3NDTSAUdodHRwczovL3d3dy5ibG9vbWJlcmdodC5jb20vb3BlbmFpLWRhbi1kZW5ldGltLWt1cnVsdS1hZGltaS0yMzUzNzQ0LWFtcA?hl=tr&gl=TR&ceid=TR%3Atr
60,"OpenAI, Sam Altman liderliğinde yeni bir güvenlik komitesi kurdu",Webrazzi,İş,2024-05-29T14:30:39Z,news.google.com/articles/CBMiYGh0dHBzOi8vd2VicmF6emkuY29tLzIwMjQvMDUvMjkvb3BlbmFpLXNhbS1hbHRtYW4tbGlkZXJsaWdpbmRlLXllbmktYmlyLWd1dmVubGlrLWtvbWl0ZXNpLWt1cmR1L9IBAA?hl=tr&gl=TR&ceid=TR%3Atr
61,OpenAI’ın neden CEO’su Sam Altman’ı kovduğu ortaya çıktı,DonanımHaber,İş,2024-05-29T07:45:00Z,news.google.com/articles/CBMiXWh0dHBzOi8vd3d3LmRvbmFuaW1oYWJlci5jb20vb3BlbmFpLWluLW5lZGVuLWNlby1zdS1zYW0tYWx0bWFuLWkta292ZHVndS1vcnRheWEtY2lrdGktLTE3NzgwNdIBYWh0dHBzOi8vd3d3LmRvbmFuaW1oYWJlci5jb20vYW1wL29wZW5haS1pbi1uZWRlbi1jZW8tc3Utc2FtLWFsdG1hbi1pLWtvdmR1Z3Utb3J0YXlhLWNpa3RpLS0xNzc4MDU?hl=tr&gl=TR&ceid=TR%3Atr
62,"IMF, Çin'in büyüme tahminlerini yükseltti",Bloomberg HT,İş,2024-05-29T04:03:40Z,news.google.com/articles/CBMiTGh0dHBzOi8vd3d3LmJsb29tYmVyZ2h0LmNvbS9pbWYtY2luLWluLWJ1eXVtZS10YWhtaW5sZXJpbmkteXVrc2VsdHRpLTIzNTM3NzbSAVBodHRwczovL3d3dy5ibG9vbWJlcmdodC5jb20vaW1mLWNpbi1pbi1idXl1bWUtdGFobWlubGVyaW5pLXl1a3NlbHR0aS0yMzUzNzc2LWFtcA?hl=tr&gl=TR&ceid=TR%3Atr
63,IMF Çin'in büyüme tahminini yükseltti,bigpara,İş,2024-05-29T07:39:00Z,news.google.com/articles/CBMiZ2h0dHBzOi8vYmlncGFyYS5odXJyaXlldC5jb20udHIvaGFiZXJsZXIvZ2VuZWwtaGFiZXJsZXIvaW1mLWNpbmluLWJ1eXVtZS10YWhtaW5pbmkteXVrc2VsdHRpX0lEMTQ4MDc5Ny_SAVtodHRwczovL21iaWdwYXJhLmh1cnJpeWV0LmNvbS50ci9hbXAvaGFiZXJsZXIvaW1mLWNpbmluLWJ1eXVtZS10YWhtaW5pbmkteXVrc2VsdHRpLzE0ODA3OTcv?hl=tr&gl=TR&ceid=TR%3Atr
64,IMF Çin'in GSYİH büyüme görünümünü 2024 yılı için %5'e yükseltti Yazar Investing.com,Investing.com Türkiye,İş,2024-05-29T02:26:43Z,news.google.com/articles/CBMic2h0dHBzOi8vdHIuaW52ZXN0aW5nLmNvbS9uZXdzL2Vjb25vbXktbmV3cy9pbWYtY2luaW4tZ3N5aWgtYnV5dW1lLWdvcnVudW11bnUtMjAyNC15bC1pY2luLTVlLXl1a3NlbHR0aS05M0NILTI4NzEwNTLSAQA?hl=tr&gl=TR&ceid=TR%3Atr
65,IMF'den Çin tahmini,Odatv,İş,2024-05-29T15:07:47Z,news.google.com/articles/CBMiOWh0dHBzOi8vd3d3Lm9kYXR2LmNvbS9ndW5jZWwvaW1mZGVuLWNpbi10YWhtaW5pLTEyMDA0NjE4MNIBPWh0dHBzOi8vd3d3Lm9kYXR2LmNvbS9hbXAvZ3VuY2VsL2ltZmRlbi1jaW4tdGFobWluaS0xMjAwNDYxODA?hl=tr&gl=TR&ceid=TR%3Atr
66,Altını solladı: Yüzde 45'lik yükseliş,Gazete Duvar,İş,2024-05-29T11:04:04Z,news.google.com/articles/CBMiUWh0dHBzOi8vd3d3LmdhemV0ZWR1dmFyLmNvbS50ci9hbHRpbmktc29sbGFkaS15dXpkZS00NWxpay15dWtzZWxpcy1nYWxlcmktMTY5NDg1NdIBVWh0dHBzOi8vd3d3LmdhemV0ZWR1dmFyLmNvbS50ci9hbXAvYWx0aW5pLXNvbGxhZGkteXV6ZGUtNDVsaWsteXVrc2VsaXMtZ2FsZXJpLTE2OTQ4NTU?hl=tr&gl=TR&ceid=TR%3Atr
67,Piyasada altın ve gümüşte zirve beklentisi,Bloomberg HT,İş,2024-05-28T05:16:33Z,news.google.com/articles/CBMibWh0dHBzOi8vd3d3LmJsb29tYmVyZ2h0LmNvbS91em1hbmxhci1hbHRpbi12ZS1ndW11c3RlLXllbmktemlydmVsZXJpbi1jb2stdXpha3RhLW9sbWFkaWdpbmktb25nb3J1eW9yLTIzNTM3MTbSAXFodHRwczovL3d3dy5ibG9vbWJlcmdodC5jb20vdXptYW5sYXItYWx0aW4tdmUtZ3VtdXN0ZS15ZW5pLXppcnZlbGVyaW4tY29rLXV6YWt0YS1vbG1hZGlnaW5pLW9uZ29ydXlvci0yMzUzNzE2LWFtcA?hl=tr&gl=TR&ceid=TR%3Atr
68,2024 yılında altını solladı! Yatırımcıların yeni gözdesi! Yüzde 45'lik artış görüldü,Mynet,İş,2024-05-29T09:13:53Z,news.google.com/articles/CBMihQFodHRwczovL2ZpbmFucy5teW5ldC5jb20vaGFiZXIvZGV0YXkvZW10aWEvMjAyNC15aWxpbmRhLWFsdGluaS1zb2xsYWRpLXlhdGlyaW1jaWxhcmluLXllbmktZ296ZGVzaS15dXpkZS00NS1saWstYXJ0aXMtZ29ydWxkdS80ODM0Njcv0gF6aHR0cHM6Ly93d3cubXluZXQuY29tL2FtcC8yMDI0LXlpbGluZGEtYWx0aW5pLXNvbGxhZGkteWF0aXJpbWNpbGFyaW4teWVuaS1nb3pkZXNpLXl1emRlLTQ1LWxpay1hcnRpcy1nb3J1bGR1LWZpbmFucy00ODM0Njc?hl=tr&gl=TR&ceid=TR%3Atr
69,Altın ve gümüş fiyatlarında yeni hedef neresi? JPMorgan tahminlerini duyurdu,Dünya Gazetesi,İş,2024-05-28T04:48:00Z,news.google.com/articles/CBMigAFodHRwczovL3d3dy5kdW55YS5jb20vZWtvbm9taWstdmVyaWxlci9hbHRpbi12ZS1ndW11cy1maXlhdGxhcmluZGEteWVuaS1oZWRlZi1uZXJlc2ktanBtb3JnYW4tdGFobWlubGVyaW5pLWR1eXVyZHUtaGFiZXJpLTcyOTIwMNIBAA?hl=tr&gl=TR&ceid=TR%3Atr
70,Günün önemli şirket haberleri 29/05/2024 haberi - BorsaGündem.com,Borsa Gündem,İş,2024-05-29T05:17:47Z,news.google.com/articles/CBMiUGh0dHBzOi8vd3d3LmJvcnNhZ3VuZGVtLm5ldC9oYWJlci9ndW51bi1vbmVtbGktc2lya2V0LWhhYmVybGVyaS0yOTA1MjAyNC0xODAwOTE10gEA?hl=tr&gl=TR&ceid=TR%3Atr
71,BIST şirketlerinden güncel haberler Yazar Investing.com,Investing.com Türkiye,İş,2024-05-29T06:14:49Z,news.google.com/articles/CBMiW2h0dHBzOi8vdHIuaW52ZXN0aW5nLmNvbS9uZXdzL3N0b2NrLW1hcmtldC1uZXdzL2Jpc3Qtc2lya2V0bGVyaW5kZW4tZ3VuY2VsLWhhYmVybGVyLTI4NzExODXSAQA?hl=tr&gl=TR&ceid=TR%3Atr
72,Günün önemli şirket haberleri (28 Mayıs 2024),Mynet,İş,2024-05-28T06:13:35Z,news.google.com/articles/CBMiY2h0dHBzOi8vZmluYW5zLm15bmV0LmNvbS9oYWJlci9kZXRheS9pcy1kdW55YXNpL2d1bnVuLW9uZW1saS1zaXJrZXQtaGFiZXJsZXJpLTI4LW1heWlzLTIwMjQvNDgzNDAxL9IBU2h0dHBzOi8vd3d3Lm15bmV0LmNvbS9hbXAvZ3VudW4tb25lbWxpLXNpcmtldC1oYWJlcmxlcmktMjgtbWF5aXMtMjAyNC1maW5hbnMtNDgzNDAx?hl=tr&gl=TR&ceid=TR%3Atr
73,İşte günün önemli şirket ve sektör gelişmeleri...,Sanayi Gazetesi,İş,2024-05-22T16:15:43Z,news.google.com/articles/CBMiTWh0dHBzOi8vc2FuYXlpZ2F6ZXRlc2kuY29tLnRyL2lzdGUtZ3VudW4tb25lbWxpLXNpcmtldC12ZS1zZWt0b3ItZ2VsaXNtZWxlcmkv0gEA?hl=tr&gl=TR&ceid=TR%3Atr
74,"Visa ve Mastercard, ATM ücreti davasında 197,5 milyon dolar ödeyecek",Bloomberg HT,İş,2024-05-29T20:47:34Z,news.google.com/articles/CBMiZ2h0dHBzOi8vd3d3LmJsb29tYmVyZ2h0LmNvbS92aXNhLXZlLW1hc3RlcmNhcmQtYXRtLXVjcmV0aS1kYXZhc2luZGEtMTk3LTUtbWlseW9uLWRvbGFyLW9kZXllY2VrLTIzNTM4NTXSAWtodHRwczovL3d3dy5ibG9vbWJlcmdodC5jb20vdmlzYS12ZS1tYXN0ZXJjYXJkLWF0bS11Y3JldGktZGF2YXNpbmRhLTE5Ny01LW1pbHlvbi1kb2xhci1vZGV5ZWNlay0yMzUzODU1LWFtcA?hl=tr&gl=TR&ceid=TR%3Atr
75,Visa ve Mastercard 197 milyon dolarlık ATM ücreti uzlaşmasını kabul etti Yazar Investing.com,Investing.com Türkiye,İş,2024-05-29T20:05:16Z,news.google.com/articles/CBMiggFodHRwczovL3RyLmludmVzdGluZy5jb20vbmV3cy9zdG9jay1tYXJrZXQtbmV3cy92aXNhLXZlLW1hc3RlcmNhcmQtMTk3LW1pbHlvbi1kb2xhcmxrLWF0bS11Y3JldGktdXpsYXNtYXNuLWthYnVsLWV0dGktOTNDSC0yODczMDk00gEA?hl=tr&gl=TR&ceid=TR%3Atr
76,Visa ve Mastercard davasında yeni gelişme,Sözcü,İş,2024-05-29T21:52:39Z,news.google.com/articles/CBMiSWh0dHBzOi8vd3d3LnNvemN1LmNvbS50ci92aXNhLXZlLW1hc3RlcmNhcmQtZGF2YXNpbmRhLXllbmktZ2VsaXNtZS1wNTA5NDbSAU1odHRwczovL3d3dy5zb3pjdS5jb20udHIvYW1wL3Zpc2EtdmUtbWFzdGVyY2FyZC1kYXZhc2luZGEteWVuaS1nZWxpc21lLXA1MDk0Ng?hl=tr&gl=TR&ceid=TR%3Atr
77,"Visa ve Mastercard, 197,5 milyon dolar ödeyecek - İş-Yaşam Haberleri",Habertürk,İş,2024-05-29T22:04:46Z,news.google.com/articles/CBMiWGh0dHBzOi8vd3d3LmhhYmVydHVyay5jb20vdmlzYS12ZS1tYXN0ZXJjYXJkLTE5Ny01LW1pbHlvbi1kb2xhci1vZGV5ZWNlay0zNjkwODI5LWVrb25vbWnSAVJodHRwczovL20uaGFiZXJ0dXJrLmNvbS92aXNhLXZlLW1hc3RlcmNhcmQtMTk3LTUtbWlseW9uLWRvbGFyLW9kZXllY2VrLTM2OTA4MjktYW1w?hl=tr&gl=TR&ceid=TR%3Atr
78,Avustralya enflasyon beklentilerin üzerinde,Bloomberg HT,İş,2024-05-29T04:20:00Z,news.google.com/articles/CBMiT2h0dHBzOi8vd3d3LmJsb29tYmVyZ2h0LmNvbS9hdnVzdHJhbHlhLWVuZmxhc3lvbi1iZWtsZW50aWxlcmluLXV6ZXJpbmRlLTIzNTM3NzfSAVNodHRwczovL3d3dy5ibG9vbWJlcmdodC5jb20vYXZ1c3RyYWx5YS1lbmZsYXN5b24tYmVrbGVudGlsZXJpbi11emVyaW5kZS0yMzUzNzc3LWFtcA?hl=tr&gl=TR&ceid=TR%3Atr
79,Avustralya'da konut fiyatları 2026'ya kadar istikrarlı bir şekilde artacak Yazar Investing.com,Investing.com Türkiye,İş,2024-05-29T01:36:43Z,news.google.com/articles/CBMifmh0dHBzOi8vdHIuaW52ZXN0aW5nLmNvbS9uZXdzL2Vjb25vbXktbmV3cy9hdnVzdHJhbHlhZGEta29udXQtZml5YXRsYXItMjAyNnlhLWthZGFyLWlzdGlrcmFybC1iaXItc2VraWxkZS1hcnRhY2FrLTkzQ0gtMjg3MTA0MNIBAA?hl=tr&gl=TR&ceid=TR%3Atr
80,UBS'e göre Avustralya'da faiz yüksek kalacak,Milliyet,İş,2024-05-28T06:24:00Z,news.google.com/articles/CBMiWGh0dHBzOi8vd3d3Lm1pbGxpeWV0LmNvbS50ci91em1hbnBhcmEvdWJzZS1nb3JlLWF2dXN0cmFseWFkYS1mYWl6LXl1a3Nlay1rYWxhY2FrLTcxMzMzNTLSAVxodHRwczovL3d3dy5taWxsaXlldC5jb20udHIvYW1wL3V6bWFucGFyYS91YnNlLWdvcmUtYXZ1c3RyYWx5YWRhLWZhaXoteXVrc2VrLWthbGFjYWstNzEzMzM1Mg?hl=tr&gl=TR&ceid=TR%3Atr
81,"Politika da piyasa da belirsiz - urfa, haber, şanlıurfa.balıklıgöl,göbeklitepe, urfakalesi,harran,şanlıurfa,urfaigöbeklitepe,kartepe,isot,ciger,konaklama,butik,otel,belediye,valilik,",Urfadabugun.com,İş,2024-05-23T05:19:32Z,news.google.com/articles/CBMiS2h0dHBzOi8vd3d3LnVyZmFkYWJ1Z3VuLmNvbS9oYWJlci83MjM3Ny9wb2xpdGlrYS1kYS1waXlhc2EtZGEtYmVsaXJzaXouaHRtbNIBAA?hl=tr&gl=TR&ceid=TR%3Atr
82,Bankalardan Kredi Kartları İçin Yeni Karar,Halk TV,İş,2024-05-29T20:57:16Z,news.google.com/articles/CBMiUGh0dHBzOi8vaGFsa3R2LmNvbS50ci9la29ub21pL2JhbmthbGFyZGFuLWtyZWRpLWthcnRsYXJpLWljaW4teWVuaS1rYXJhci04Mzg2NTJo0gFcaHR0cHM6Ly9oYWxrdHYuY29tLnRyL3NlcnZpY2UvYW1wL2Vrb25vbWkvYmFua2FsYXJkYW4ta3JlZGkta2FydGxhcmktaWNpbi15ZW5pLWthcmFyLTgzODY1Mmg?hl=tr&gl=TR&ceid=TR%3Atr
83,Alman otomobil devlerine büyük şok! Türkiye'de satışları düştü,Internet Haber,İş,2024-05-29T16:58:00Z,news.google.com/articles/CBMiZ2h0dHBzOi8vd3d3LmludGVybmV0aGFiZXIuY29tL2FsbWFuLW90b21vYmlsLWRldmxlcmluZS1idXl1ay1zb2stdHVya2l5ZWRlLXNhdGlzbGFyaS1kdXN0dS0yMzY2NDM1aC5odG3SAWtodHRwczovL3d3dy5pbnRlcm5ldGhhYmVyLmNvbS9hbXAvYWxtYW4tb3RvbW9iaWwtZGV2bGVyaW5lLWJ1eXVrLXNvay10dXJraXllZGUtc2F0aXNsYXJpLWR1c3R1LTIzNjY0MzVoLmh0bQ?hl=tr&gl=TR&ceid=TR%3Atr
84,Akbank emekliye yeşil ışık yaktı: Emeklinin yeni rotası belli oldu. Akbank güncel emekli promosyon rakamları ne kadar?,Gerçek Gündem,İş,2024-05-29T10:36:57Z,news.google.com/articles/CBMinwFodHRwczovL3d3dy5nZXJjZWtndW5kZW0uY29tL2Vrb25vbWkvYWtiYW5rLWVtZWtsaXllLXllc2lsLWlzaWsteWFrdGktZW1la2xpbmluLXllbmktcm90YXNpLWJlbGxpLW9sZHUtYWtiYW5rLWd1bmNlbC1lbWVrbGktcHJvbW9zeW9uLXJha2FtbGFyaS1uZS1rYWRhci00NjMwNDTSAaMBaHR0cHM6Ly93d3cuZ2VyY2VrZ3VuZGVtLmNvbS9hbXAvZWtvbm9taS9ha2JhbmstZW1la2xpeWUteWVzaWwtaXNpay15YWt0aS1lbWVrbGluaW4teWVuaS1yb3Rhc2ktYmVsbGktb2xkdS1ha2JhbmstZ3VuY2VsLWVtZWtsaS1wcm9tb3N5b24tcmFrYW1sYXJpLW5lLWthZGFyLTQ2MzA0NA?hl=tr&gl=TR&ceid=TR%3Atr
85,ING Bank'tan emellilere geri ödemesiz 18 bin TL ödeme!,kamuajans,İş,2024-05-29T19:00:00Z,news.google.com/articles/CBMiW2h0dHBzOi8vd3d3LmthbXVhamFucy5uZXQvaGFiZXIvaW5nLWJhbmt0YW4tZW1lbGxpbGVyZS1nZXJpLW9kZW1lc2l6LTE4LWJpbi10bC1vZGVtZS02MDE1NznSAV9odHRwczovL3d3dy5rYW11YWphbnMubmV0L2FtcC9oYWJlci9pbmctYmFua3Rhbi1lbWVsbGlsZXJlLWdlcmktb2RlbWVzaXotMTgtYmluLXRsLW9kZW1lLTYwMTU3OQ?hl=tr&gl=TR&ceid=TR%3Atr
86,EMEKLİ PROMOSYON SON DAKİKA: Banka promosyonu güncel rakamları paylaşıldı! Emeklilere 20.000 TL'ye dayanan ek gelir,Sabah,İş,2024-05-29T14:22:00Z,news.google.com/articles/CBMilgFodHRwczovL3d3dy5zYWJhaC5jb20udHIvZm90b2hhYmVyL2Vrb25vbWkvZW1la2xpLXByb21vc3lvbi1zb24tZGFraWthLWJhbmthLXByb21vc3lvbnUtZ3VuY2VsLXJha2FtbGFyaS1wYXlsYXNpbGRpLWVtZWtsaXllLTIwLWJpbi10bHllLWRheWFuYW4tZ2VsaXLSAQA?hl=tr&gl=TR&ceid=TR%3Atr
87,Emekliye 2’Lİ ÖDEME jesti! 29-30-31 Mayıs’ta Cumhurbaşkanı talimatı ile yatacak,Kartal Gazetesi,İş,2024-05-28T20:15:16Z,news.google.com/articles/CBMibWh0dHBzOi8va2FydGFsZ2F6ZXRlc2kuY29tLzg2Njc1LWVtZWtsaXllLTJsaS1vZGVtZS1qZXN0aS0yOS0zMC0zMS1tYXlpc3RhLWN1bWh1cmJhc2thbmktdGFsaW1hdGktaWxlLXlhdGFjYWvSAXFodHRwczovL2thcnRhbGdhemV0ZXNpLmNvbS84NjY3NS1lbWVrbGl5ZS0ybGktb2RlbWUtamVzdGktMjktMzAtMzEtbWF5aXN0YS1jdW1odXJiYXNrYW5pLXRhbGltYXRpLWlsZS15YXRhY2FrL2FtcA?hl=tr&gl=TR&ceid=TR%3Atr
88,"Shiba Inu'da 2.5 milyon dolar kaybeden trader, zirveden PEPE aldı",Uzmancoin,İş,2024-05-29T12:45:00Z,news.google.com/articles/CBMiNWh0dHBzOi8vdXptYW5jb2luLmNvbS9wZXBlLXNoaWJhLWludS1tZW1lLWNvaW4tdHJhZGUv0gEA?hl=tr&gl=TR&ceid=TR%3Atr
89,Bir kripto balinası 3 altcoin yatırımı ile milyonlarca dolar kazandı,Investing.com Türkiye,İş,2024-05-27T14:06:56Z,news.google.com/articles/CBMibWh0dHBzOi8vdHIuaW52ZXN0aW5nLmNvbS9uZXdzL2NyeXB0b2N1cnJlbmN5LW5ld3MvYmlyLWtyaXB0by1iYWxpbmFzLTMtYWx0Y29pbi15YXRybS1pbGUta29zZXlpLWRvbmR1LTI4NjgxMjLSAQA?hl=tr&gl=TR&ceid=TR%3Atr
90,Bitcoin ve Ethereum Yatırımcıları Ek Kazanç İddiası Bulunan Bu Meme Coini İnceliyor!,KoinFinans,İş,2024-05-29T14:31:13Z,news.google.com/articles/CBMib2h0dHBzOi8vd3d3LmtvaW5maW5hbnMuY29tL2JpdGNvaW4tdmUtZXRoZXJldW0teWF0aXJpbWNpbGFyaS1lay1rYXphbmMtaWRkaWFzaS1idWx1bmFuLWJ1LW1lbWUtY29pbmktaW5jZWxpeW9yL9IBAA?hl=tr&gl=TR&ceid=TR%3Atr
91,PEPE ve MATIC'de Kıyasıya Rekabet! Yatırımcıların Gözdesi Hangisi?,CoinTürk,İş,2024-05-29T10:50:01Z,news.google.com/articles/CBMiVWh0dHBzOi8vY29pbi10dXJrLmNvbS9wZXBlLXZlLW1hdGljZGUta2l5YXNpeWEtcmVrYWJldC15YXRpcmltY2lsYXJpbi1nb3pkZXNpLWhhbmdpc2nSAQA?hl=tr&gl=TR&ceid=TR%3Atr
92,"A101 AKTÜEL İNDİRİM KATALOĞU 30 Mayıs: Bisiklet, kamp yatağı, şişme bot... İşte A101 aktüel ürünler ile Perşembe fırsatları",Sabah,İş,2024-05-29T17:25:00Z,news.google.com/articles/CBMiiAFodHRwczovL3d3dy5zYWJhaC5jb20udHIvZ2FsZXJpL3lhc2FtL2ExMDEtYWt0dWVsLTMwLW1heWlzLXBlcnNlbWJlLWluZGlyaW1sZXJpLXlheWluZGEta2FtcC12ZS1kZW5pei11cnVubGVyaS1nZWxpeW9yLWlzdGUtYTEwMS1rYXRhbG9n0gGKAWh0dHBzOi8vbS5zYWJhaC5jb20udHIvZ2FsZXJpL3lhc2FtL2ExMDEtYWt0dWVsLTMwLW1heWlzLXBlcnNlbWJlLWluZGlyaW1sZXJpLXlheWluZGEta2FtcC12ZS1kZW5pei11cnVubGVyaS1nZWxpeW9yLWlzdGUtYTEwMS1rYXRhbG9nL2FtcA?hl=tr&gl=TR&ceid=TR%3Atr
93,A101'e Macbook M2 Pro Geliyor! 23 Mayıs 2024 A101 İnternete Özel Aldın Aldın Kataloğu,Onedio,İş,2024-05-23T10:14:40Z,news.google.com/articles/CBMidWh0dHBzOi8vb25lZGlvLmNvbS9oYWJlci9hMTAxLWUtbWFjYm9vay1tMi1wcm8tZ2VsaXlvci0yMy1tYXlpcy0yMDI0LWExMDEtaW50ZXJuZXRlLW96ZWwtYWxkaW4tYWxkaW4ta2F0YWxvZ3UtMTIyNDM3ONIBeWh0dHBzOi8vYW1wLm9uZWRpby5jb20vaGFiZXIvYTEwMS1lLW1hY2Jvb2stbTItcHJvLWdlbGl5b3ItMjMtbWF5aXMtMjAyNC1hMTAxLWludGVybmV0ZS1vemVsLWFsZGluLWFsZGluLWthdGFsb2d1LTEyMjQzNzg?hl=tr&gl=TR&ceid=TR%3Atr
94,A101'e buharlı kırışık giderici geliyor: A101 30 Mayıs Perşembe kataloğu,İz Gazete,İş,2024-05-29T06:31:00Z,news.google.com/articles/CBMiX2h0dHBzOi8vd3d3Lml6Z2F6ZXRlLm5ldC9hMTAxZS1idWhhcmxpLWtpcmlzaWstZ2lkZXJpY2ktZ2VsaXlvci1hMTAxLTMwLW1heWlzLXBlcnNlbWJlLWthdGFsb2d10gEA?hl=tr&gl=TR&ceid=TR%3Atr
95,A101 aktüel indirimleri 30 Mayıs 2024: A101 markette Kurban Bayramı'na özel yeni indirimli ürünler,NTV,İş,2024-05-25T12:19:00Z,news.google.com/articles/CBMinQFodHRwczovL3d3dy5udHYuY29tLnRyL2dhbGVyaS9la29ub21pL2ExMDEtYWt0dWVsLWluZGlyaW1sZXJpLTMwLW1heWlzLTIwMjQtYTEwMS1tYXJrZXR0ZS1rdXJiYW4tYmF5cmFtaW5hLW96ZWwteWVuaS1pbmRpcmltbGktdXJ1bmxlcixVeU1uallNZTdVLXNPTmtjQ3RyeEFR0gGhAWh0dHBzOi8vd3d3Lm50di5jb20udHIvYW1wL2dhbGVyaS9la29ub21pL2ExMDEtYWt0dWVsLWluZGlyaW1sZXJpLTMwLW1heWlzLTIwMjQtYTEwMS1tYXJrZXR0ZS1rdXJiYW4tYmF5cmFtaW5hLW96ZWwteWVuaS1pbmRpcmltbGktdXJ1bmxlcixVeU1uallNZTdVLXNPTmtjQ3RyeEFR?hl=tr&gl=TR&ceid=TR%3Atr
96,ATM'lerde Para Çekme ve Yatırma Sınırı Değişti: Haziran İtibarıyla Bu Seviyeye Çekilecek,Halk TV,İş,2024-05-29T18:18:29Z,news.google.com/articles/CBMicmh0dHBzOi8vaGFsa3R2LmNvbS50ci9la29ub21pL2F0bWxlcmRlLXBhcmEtY2VrbWUtdmUteWF0aXJtYS1zaW5pcmktZGVnaXN0aS1oYXppcmFuLWl0aWJhcml5bGEtYnUtc2V2aXlleWUtODM4NjIzaNIBfmh0dHBzOi8vaGFsa3R2LmNvbS50ci9zZXJ2aWNlL2FtcC9la29ub21pL2F0bWxlcmRlLXBhcmEtY2VrbWUtdmUteWF0aXJtYS1zaW5pcmktZGVnaXN0aS1oYXppcmFuLWl0aWJhcml5bGEtYnUtc2V2aXlleWUtODM4NjIzaA?hl=tr&gl=TR&ceid=TR%3Atr
97,ATM'lerde yeni dönem: Tarih belli oldu! Artık sınırı var...,"Yeni Alanya Gazetesi.ALANYANIN HABER SİTESİ, DİM MEDYA,",İş,2024-05-29T23:56:00Z,news.google.com/articles/CBMiX2h0dHBzOi8vd3d3LnllbmlhbGFueWEuY29tL2hhYmVyLzIwMzMzMjA2L2F0bWxlcmRlLXllbmktZG9uZW0tdGFyaWgtYmVsbGktb2xkdS1hcnRpay1zaW5pcmktdmFy0gFjaHR0cHM6Ly93d3cueWVuaWFsYW55YS5jb20vYW1wL2hhYmVyLzIwMzMzMjA2L2F0bWxlcmRlLXllbmktZG9uZW0tdGFyaWgtYmVsbGktb2xkdS1hcnRpay1zaW5pcmktdmFy?hl=tr&gl=TR&ceid=TR%3Atr
98,Gece yarısı 10 bankadan ATM kararı! ATM'den para yatırıp çekenler dikkat,Haberport,İş,2024-05-25T19:24:00Z,news.google.com/articles/CBMicWh0dHBzOi8vd3d3LmhhYmVycG9ydC5jb20vZWtvbm9taS9nZWNlLXlhcmlzaS0xMC1iYW5rYWRhbi1hdG0ta2FyYXJpLWF0bS1kZW4tcGFyYS15YXRpcmlwLWNla2VubGVyLWRpa2thdC0xMTkwNjlo0gEA?hl=tr&gl=TR&ceid=TR%3Atr
99,ATM'den para çekenlere hayati uyarı! Eliniz boş dönebilirsiniz,Afyon Haber,İş,2024-05-27T08:14:00Z,news.google.com/articles/CBMiZGh0dHBzOi8vd3d3LmFmeW9ueWVyZWxiYXNpbi5jb20vYXRtLWRlbi1wYXJhLWNla2VubGVyZS1oYXlhdGktdXlhcmktZWxpbml6LWJvcy1kb25lYmlsaXJzaW5pei84NjQ2NS_SAQA?hl=tr&gl=TR&ceid=TR%3Atr
100,Yatırımcılar dikkat... Analistlerden kriptopara uyarısı,Odatv,İş,2024-05-29T11:07:00Z,news.google.com/articles/CBMiW2h0dHBzOi8vd3d3Lm9kYXR2LmNvbS9ndW5jZWwveWF0aXJpbWNpbGFyLWRpa2thdC1hbmFsaXN0bGVyZGVuLWtyaXB0b3BhcmEtdXlhcmlzaS0xMjAwNDYxMTfSAV9odHRwczovL3d3dy5vZGF0di5jb20vYW1wL2d1bmNlbC95YXRpcmltY2lsYXItZGlra2F0LWFuYWxpc3RsZXJkZW4ta3JpcHRvcGFyYS11eWFyaXNpLTEyMDA0NjExNw?hl=tr&gl=TR&ceid=TR%3Atr
101,Bitcoin hakimiyetindeki düşüş altcoin'ler için ne ifade ediyor? Yazar Investing.com,Investing.com Türkiye,İş,2024-05-29T11:57:26Z,news.google.com/articles/CBMid2h0dHBzOi8vdHIuaW52ZXN0aW5nLmNvbS9uZXdzL2NyeXB0b2N1cnJlbmN5LW5ld3MvYml0Y29pbi1oYWtpbWl5ZXRpbmRla2ktZHVzdXMtYWx0Y29pbmxlci1pY2luLW5lLWlmYWRlLWVkaXlvci0yODcyMDYx0gEA?hl=tr&gl=TR&ceid=TR%3Atr
102,Analiste Göre Bazı Kripto Paralar %3500 Ralli Yapabileceği İddia Ediliyor,KoinFinans,İş,2024-05-28T12:00:36Z,news.google.com/articles/CBMiX2h0dHBzOi8vd3d3LmtvaW5maW5hbnMuY29tL2FuYWxpc3RlLWdvcmUtYmF6aS1rcmlwdG8tcGFyYWxhci1yYWxsaS15YXBhYmlsZWNlZ2ktaWRkaWEtZWRpbGl5b3Iv0gEA?hl=tr&gl=TR&ceid=TR%3Atr
103,Yatırımcılar Not Almalı! Bu 2 Altcoin Sıçrama İçin Hazır Olabilir!,CoinTürk,İş,2024-05-27T11:41:01Z,news.google.com/articles/CBMiVmh0dHBzOi8vY29pbi10dXJrLmNvbS95YXRpcmltY2lsYXItbm90LWFsbWFsaS1idS0yLWFsdGNvaW4tc2ljcmFtYS1pY2luLWhhemlyLW9sYWJpbGly0gEA?hl=tr&gl=TR&ceid=TR%3Atr
104,Altın alacaklar dikkat! 5 bin TL fazlasına satılıyor,Aydınlık,İş,2024-05-29T14:00:00Z,news.google.com/articles/CBMiXGh0dHBzOi8vd3d3LmF5ZGlubGlrLmNvbS50ci9oYWJlci9hbHRpbi1hbGFjYWtsYXItZGlra2F0LTUtYmluLXRsLWZhemxhc2luYS1zYXRpbGl5b3ItNDc0NDA10gFgaHR0cHM6Ly93d3cuYXlkaW5saWsuY29tLnRyL2FtcC9oYWJlci9hbHRpbi1hbGFjYWtsYXItZGlra2F0LTUtYmluLXRsLWZhemxhc2luYS1zYXRpbGl5b3ItNDc0NDA1?hl=tr&gl=TR&ceid=TR%3Atr
105,"Vatandaşa kötü haber! O iki altın yasaklandı, artık kuyumcularda satılmayacak",Yeni Akit,İş,2024-05-28T14:14:32Z,news.google.com/articles/CBMieWh0dHBzOi8vd3d3Lnllbmlha2l0LmNvbS50ci9mb3RvLWdhbGVyaS92YXRhbmRhc2Eta290dS1oYWJlci1vLWlraS1hbHRpbi15YXNha2xhbmRpLWFydGlrLWt1eXVtY3VsYXJkYS1zYXRpbG1heWFjYWstODQ2NTfSAXtodHRwczovL20ueWVuaWFraXQuY29tLnRyL2FtcC9mb3RvLWdhbGVyaS84NDY1Ny92YXRhbmRhc2Eta290dS1oYWJlci1vLWlraS1hbHRpbi15YXNha2xhbmRpLWFydGlrLWt1eXVtY3VsYXJkYS1zYXRpbG1heWFjYWs?hl=tr&gl=TR&ceid=TR%3Atr
106,İnternetten altın alışverişine dikkat: Sahte çıkabilir - AHaber Video İzle,Ahaber,İş,2024-05-29T11:22:27Z,news.google.com/articles/CBMiZ2h0dHBzOi8vd3d3LmFoYWJlci5jb20udHIvdmlkZW8vZWtvbm9taS12aWRlb2xhcmkvaW50ZXJuZXR0ZW4tYWx0aW4tYWxpc3ZlcmlzaW5lLWRpa2thdC1zYWh0ZS1jaWthYmlsaXLSAWtodHRwczovL3d3dy5haGFiZXIuY29tLnRyL3ZpZGVvL2Vrb25vbWktdmlkZW9sYXJpL2ludGVybmV0dGVuLWFsdGluLWFsaXN2ZXJpc2luZS1kaWtrYXQtc2FodGUtY2lrYWJpbGlyL2FtcA?hl=tr&gl=TR&ceid=TR%3Atr
107,Siirt'te internetten altın alışverişine dikkat: Sahte çıkabilir,Ahaber,İş,2024-05-29T11:23:36Z,news.google.com/articles/CBMiamh0dHBzOi8vd3d3LmFoYWJlci5jb20udHIvZWtvbm9taS8yMDI0LzA1LzI5L3NpaXJ0dGUtaW50ZXJuZXR0ZW4tYWx0aW4tYWxpc3ZlcmlzaW5lLWRpa2thdC1zYWh0ZS1jaWthYmlsaXLSAW5odHRwczovL3d3dy5haGFiZXIuY29tLnRyL2Vrb25vbWkvMjAyNC8wNS8yOS9zaWlydHRlLWludGVybmV0dGVuLWFsdGluLWFsaXN2ZXJpc2luZS1kaWtrYXQtc2FodGUtY2lrYWJpbGlyL2FtcA?hl=tr&gl=TR&ceid=TR%3Atr
108,"Koç Grubu Falcon 6X'i Temmuz, Limak da Şubat 2025'te teslim alıyor – Tolga Özbek",Tolga Özbek,İş,2024-05-28T17:42:39Z,news.google.com/articles/CBMicGh0dHBzOi8vdG9sZ2FvemJlay5jb20vaGFiZXJsZXIvZ2VuZWwtaGF2YWNpbGlrL2tvYy1ncnVidS1mYWxjb24tNnhpLXRlbW11ei1saW1hay1kYS1zdWJhdC0yMDI1dGUtdGVzbGltLWFsaXlvci_SAQA?hl=tr&gl=TR&ceid=TR%3Atr
109,Milyarderlerin yeni gözdesi! Uçan bir daha binmek istiyor: İşte Falcon 6X'in özellikleri! - Resim 1,Haber7.com,İş,2024-05-29T13:34:00Z,news.google.com/articles/CBMifmh0dHBzOi8vd3d3LmhhYmVyNy5jb20vZm90by1nYWxlcmkvODU4MDktbWlseWFyZGVybGVyaW4teWVuaS1nb3pkZXNpLXVjYW4tYmlyLWRhaGEtYmlubWVrLWlzdGl5b3ItaXN0ZS1mYWxjb24tNnhpbi1vemVsbGlrbGVyadIBAA?hl=tr&gl=TR&ceid=TR%3Atr
110,Dünyanın en geniş ve en sessiz iş jetiyle yolculuk!,Habertürk,İş,2024-05-29T14:38:12Z,news.google.com/articles/CBMidmh0dHBzOi8vd3d3LmhhYmVydHVyay5jb20vb3plbC1pY2VyaWtsZXIvZ3VudGF5LXNpbXNlay0xMDE5LzM2OTA3NDAtZHVueWFuaW4tZW4tZ2VuaXMtdmUtZW4tc2Vzc2l6LWlzLWpldGl5bGUteW9sY3VsdWvSAXhodHRwczovL20uaGFiZXJ0dXJrLmNvbS9vemVsLWljZXJpa2xlci9ndW50YXktc2ltc2VrLTEwMTkvMzY5MDc0MC1kdW55YW5pbi1lbi1nZW5pcy12ZS1lbi1zZXNzaXotaXMtamV0aXlsZS15b2xjdWx1ay1hbXA?hl=tr&gl=TR&ceid=TR%3Atr
111,Falcon 6X’LE uçtum | Uğur CEBECİ Köşe Yazısı,Hürriyet,İş,2024-05-29T03:28:49Z,news.google.com/articles/CBMiS2h0dHBzOi8vd3d3Lmh1cnJpeWV0LmNvbS50ci95YXphcmxhci91Z3VyLWNlYmVjaS9mYWxjb24tNnhsZS11Y3R1bS00MjQ2OTAzNdIBAA?hl=tr&gl=TR&ceid=TR%3Atr
112,Nakit para ihtiyacı olanlara müjde! 49.000 TL ödeme verilecek,Gecce,İş,2024-05-29T17:15:41Z,news.google.com/articles/CBMiZmh0dHBzOi8vd3d3LmdlY2NlLmNvbS50ci9oYWJlci9uYWtpdC1wYXJhLWlodGl5YWNpLW9sYW5sYXJhLW11amRlLTQ5MDAwLXRsLW9kZW1lLXZlcmlsZWNlay0zMTg5ODMuaHRtbNIBamh0dHBzOi8vd3d3LmdlY2NlLmNvbS50ci9hbXAvaGFiZXIvbmFraXQtcGFyYS1paHRpeWFjaS1vbGFubGFyYS1tdWpkZS00OTAwMC10bC1vZGVtZS12ZXJpbGVjZWstMzE4OTgzLmh0bWw?hl=tr&gl=TR&ceid=TR%3Atr
113,Akbank’tan 3 Gün İçinde 3 Bin TL Para İadesi! 31 Mayıs’a Kadar Hesaplara Yatacak!,Karamanın Sesi,İş,2024-05-28T17:00:00Z,news.google.com/articles/CBMid2h0dHBzOi8vd3d3LmthcmFtYW5pbnNlc2kuY29tL2FrYmFua3Rhbi0zLWd1bi1pY2luZGUtMy1iaW4tdGwtcGFyYS1pYWRlc2ktMzEtbWF5aXNhLWthZGFyLWhlc2FwbGFyYS15YXRhY2FrLWg0NTgxOS5odG1s0gF7aHR0cHM6Ly93d3cua2FyYW1hbmluc2VzaS5jb20vYW1wL2FrYmFua3Rhbi0zLWd1bi1pY2luZGUtMy1iaW4tdGwtcGFyYS1pYWRlc2ktMzEtbWF5aXNhLWthZGFyLWhlc2FwbGFyYS15YXRhY2FrLWg0NTgxOS5odG1s?hl=tr&gl=TR&ceid=TR%3Atr
114,Nakit ihtiyacı olanlara 3 ay ödemesiz kredi!,kamuajans,İş,2024-05-25T18:00:00Z,news.google.com/articles/CBMiUmh0dHBzOi8vd3d3LmthbXVhamFucy5uZXQvaGFiZXIvbmFraXQtaWh0aXlhY2ktb2xhbmxhcmEtMy1heS1vZGVtZXNpei1rcmVkaS02MDE0NjjSAVZodHRwczovL3d3dy5rYW11YWphbnMubmV0L2FtcC9oYWJlci9uYWtpdC1paHRpeWFjaS1vbGFubGFyYS0zLWF5LW9kZW1lc2l6LWtyZWRpLTYwMTQ2OA?hl=tr&gl=TR&ceid=TR%3Atr
115,Akbank Cuma Gününe Kadar Süre Verdi! Yüzde 0 Faizli 20 Bin TL,Kayseri Haberler,İş,2024-05-28T14:00:00Z,news.google.com/articles/CBMiXGh0dHBzOi8vd3d3LmtheXNlcmloYWJlcmxlci5jb20vYWtiYW5rLWN1bWEtZ3VudW5lLWthZGFyLXN1cmUtdmVyZGkteXV6ZGUtMC1mYWl6bGktMjAtYmluLXRs0gFgaHR0cHM6Ly93d3cua2F5c2VyaWhhYmVybGVyLmNvbS9ha2JhbmstY3VtYS1ndW51bmUta2FkYXItc3VyZS12ZXJkaS15dXpkZS0wLWZhaXpsaS0yMC1iaW4tdGwvYW1w?hl=tr&gl=TR&ceid=TR%3Atr
116,ŞOK'a Karcher Kablosuz Zemin Temizleme Makinesi Geliyor! 1 Haziran 2024 ŞOK Aktüel Ürünler Kataloğu,Onedio,İş,2024-05-29T10:05:51Z,news.google.com/articles/CBMigwFodHRwczovL29uZWRpby5jb20vaGFiZXIvc29rLWEta2FyY2hlci1rYWJsb3N1ei16ZW1pbi10ZW1pemxlbWUtbWFraW5lc2ktZ2VsaXlvci0xLWhhemlyYW4tMjAyNC1zb2stYWt0dWVsLXVydW5sZXIta2F0YWxvZ3UtMTIyNTYxNdIBhwFodHRwczovL2FtcC5vbmVkaW8uY29tL2hhYmVyL3Nvay1hLWthcmNoZXIta2FibG9zdXotemVtaW4tdGVtaXpsZW1lLW1ha2luZXNpLWdlbGl5b3ItMS1oYXppcmFuLTIwMjQtc29rLWFrdHVlbC11cnVubGVyLWthdGFsb2d1LTEyMjU2MTU?hl=tr&gl=TR&ceid=TR%3Atr
117,"Ahmet Bolat: ""Bayram İkramiyesi Yok!""",AirportHaber,İş,2024-05-29T10:36:20Z,news.google.com/articles/CBMiV2h0dHBzOi8vd3d3LmFpcnBvcnRoYWJlci5jb20vaGF2YWNpbGlrLWhhYmVybGVyaS9haG1ldC1ib2xhdC1iYXlyYW0taWtyYW1peWVzaS15b2suaHRtbNIBAA?hl=tr&gl=TR&ceid=TR%3Atr
118,Türk Hava Yolları (THY) TGS ve TSS Çalışanlarına Erken Zam Müjdesi Verdi.. Ahmet Bolat’tan açıklama,HavaHaber,İş,2024-05-29T10:49:11Z,news.google.com/articles/CBMiV2h0dHBzOi8vaGF2YWhhYmVyLmNvbS90dXJrLWhhdmEteW9sbGFyaW5kYW4tdGdzLXZlLXRzcy1jYWxpc2FubGFyaW5hLWVya2VuLXphbS1tdWpkZXNpL9IBW2h0dHBzOi8vaGF2YWhhYmVyLmNvbS90dXJrLWhhdmEteW9sbGFyaW5kYW4tdGdzLXZlLXRzcy1jYWxpc2FubGFyaW5hLWVya2VuLXphbS1tdWpkZXNpL2FtcC8?hl=tr&gl=TR&ceid=TR%3Atr
119,"THY, Çalışanların Yılın İkinci Yarısındaki Maaş Zammını 2 Ay Öne Çekti: Zam Oranı Ne Oldu?",Onedio,İş,2024-05-29T12:58:50Z,news.google.com/articles/CBMieGh0dHBzOi8vb25lZGlvLmNvbS9oYWJlci90aHktY2FsaXNhbmxhcmluLXlpbGluLWlraW5jaS15YXJpc2luZGFraS1tYWFzLXphbW1pbmktMi1heS1vbmUtY2VrdGktemFtLW9yYW5pLW5lLW9sZHUtMTIyNTY1NNIBfGh0dHBzOi8vYW1wLm9uZWRpby5jb20vaGFiZXIvdGh5LWNhbGlzYW5sYXJpbi15aWxpbi1pa2luY2kteWFyaXNpbmRha2ktbWFhcy16YW1taW5pLTItYXktb25lLWNla3RpLXphbS1vcmFuaS1uZS1vbGR1LTEyMjU2NTQ?hl=tr&gl=TR&ceid=TR%3Atr
120,"THY’de Yeniden Ahmet BOLAT Dönemi…THY çalışanlarının Ikramiye Beklentisi… Hala Jump Seat Sorunu, Hala Farklı",Airline Haber,İş,2024-05-26T20:59:32Z,news.google.com/articles/CBMikQFodHRwczovL3d3dy5haXJsaW5laGFiZXIuY29tL3RoeWRlLXllbmlkZW4tYWhtZXQtYm9sYXQtZG9uZW1pdGh5LWNhbGlzYW5sYXJpbmluLWlrcmFtaXllLWJla2xlbnRpc2ktaGFsYS1qdW1wLXNlYXQtc29ydW51LWhhbGEtZmFya2xpLW11YW1lbGVsZXIv0gGVAWh0dHBzOi8vd3d3LmFpcmxpbmVoYWJlci5jb20vdGh5ZGUteWVuaWRlbi1haG1ldC1ib2xhdC1kb25lbWl0aHktY2FsaXNhbmxhcmluaW4taWtyYW1peWUtYmVrbGVudGlzaS1oYWxhLWp1bXAtc2VhdC1zb3J1bnUtaGFsYS1mYXJrbGktbXVhbWVsZWxlci9hbXAv?hl=tr&gl=TR&ceid=TR%3Atr
121,Ekonomistlerin yıl sonuna ilişkin dolar kuru beklentisi belli oldu,Gazete Duvar,İş,2024-05-29T14:24:00Z,news.google.com/articles/CBMicGh0dHBzOi8vd3d3LmdhemV0ZWR1dmFyLmNvbS50ci9la29ub21pc3RsZXJpbi15aWwtc29udW5hLWlsaXNraW4tZG9sYXIta3VydS1iZWtsZW50aXNpLWJlbGxpLW9sZHUtZ2FsZXJpLTE2OTQ5MzLSAXRodHRwczovL3d3dy5nYXpldGVkdXZhci5jb20udHIvYW1wL2Vrb25vbWlzdGxlcmluLXlpbC1zb251bmEtaWxpc2tpbi1kb2xhci1rdXJ1LWJla2xlbnRpc2ktYmVsbGktb2xkdS1nYWxlcmktMTY5NDkzMg?hl=tr&gl=TR&ceid=TR%3Atr
122,"Dolar yıl sonu düşer mi, yükselir mi?",Sözcü,İş,2024-05-28T07:47:43Z,news.google.com/articles/CBMiQ2h0dHBzOi8vd3d3LnNvemN1LmNvbS50ci9kb2xhci15aWwtc29udS1kdXNlci1taS15dWtzZWxpci1taS1wNTA0ODPSAQA?hl=tr&gl=TR&ceid=TR%3Atr
123,Dolarda bayram hazırlığı! Dolar 13 TL birden… 29 Mayıs 2024 döviz kurları,Aydınlık,İş,2024-05-29T06:00:00Z,news.google.com/articles/CBMikwFodHRwczovL3d3dy5heWRpbmxpay5jb20udHIvaGFiZXIvZG9sYXJkYS1iYXlyYW0taGF6aXJsaWdpLWRvbGFyLTEzLXRsLWJpcmRlbi01MDAtZG9sYXItbmUta2FkYXItdGwtYWxpcy1idWd1bmt1LWRvbGFyLXNhdGlzLWZpeWF0aS1uZS1rYWRhci00NzQzMTbSAZcBaHR0cHM6Ly93d3cuYXlkaW5saWsuY29tLnRyL2FtcC9oYWJlci9kb2xhcmRhLWJheXJhbS1oYXppcmxpZ2ktZG9sYXItMTMtdGwtYmlyZGVuLTUwMC1kb2xhci1uZS1rYWRhci10bC1hbGlzLWJ1Z3Vua3UtZG9sYXItc2F0aXMtZml5YXRpLW5lLWthZGFyLTQ3NDMxNg?hl=tr&gl=TR&ceid=TR%3Atr
124,Dolar 20 TL’ye gider mi? | Ekonomist Şevin Ekinci ve Ekonomi Yazarı Bora Erdin Cevaplıyor-video,Paraanaliz,İş,2024-05-26T05:22:42Z,news.google.com/articles/CBMiigFodHRwczovL3d3dy5wYXJhYW5hbGl6LmNvbS8yMDI0L2Rvdml6L2RvbGFyLTIwLXRseWUtZ2lkZXItbWktZWtvbm9taXN0LXNldmluLWVraW5jaS12ZS1la29ub21pLXlhemFyaS1ib3JhLWVyZGluLWNldmFwbGl5b3ItdmlkZW8tZy04NzI4Ni_SAQA?hl=tr&gl=TR&ceid=TR%3Atr
125,Aselsan (ASELS) hisse yorum ve hedef fiyat,Borsamatik,İş,2024-05-29T09:30:00Z,news.google.com/articles/CBMiVGh0dHBzOi8vd3d3LmJvcnNhbWF0aWsuY29tLnRyL2FzZWxzYW4tYXNlbHMtaGlzc2UteW9ydW0tdmUtaGVkZWYtZml5YXQtZ2FsZXJpLTE2MzMwNNIBWGh0dHBzOi8vd3d3LmJvcnNhbWF0aWsuY29tLnRyL2FtcC9hc2Vsc2FuLWFzZWxzLWhpc3NlLXlvcnVtLXZlLWhlZGVmLWZpeWF0LWdhbGVyaS0xNjMzMDQ?hl=tr&gl=TR&ceid=TR%3Atr
126,İki hisseye kredili işlem yasağı,Bloomberg HT,İş,2024-05-28T15:45:54Z,news.google.com/articles/CBMiRGh0dHBzOi8vd3d3LmJsb29tYmVyZ2h0LmNvbS9pa2ktaGlzc2V5ZS1rcmVkaWxpLWlzbGVtLXlhc2FnaS0yMzUzNzY00gFIaHR0cHM6Ly93d3cuYmxvb21iZXJnaHQuY29tL2lraS1oaXNzZXllLWtyZWRpbGktaXNsZW0teWFzYWdpLTIzNTM3NjQtYW1w?hl=tr&gl=TR&ceid=TR%3Atr
127,Borsa İstanbul'da 4 hisse güne tedbirle başlayacak Yazar Investing.com,Investing.com Türkiye,İş,2024-05-29T07:06:29Z,news.google.com/articles/CBMiaWh0dHBzOi8vdHIuaW52ZXN0aW5nLmNvbS9uZXdzL3N0b2NrLW1hcmtldC1uZXdzL2JvcnNhLWlzdGFuYnVsZGEtNC1oaXNzZS1ndW5lLXRlZGJpcmxlLWJhc2xheWFjYWstMjg3MTIwMNIBAA?hl=tr&gl=TR&ceid=TR%3Atr
128,Borsada 2 hissenin üzerinde tedbir kalktı haberi - BorsaGündem.com,Borsa Gündem,İş,2024-05-29T19:11:50Z,news.google.com/articles/CBMiU2h0dHBzOi8vd3d3LmJvcnNhZ3VuZGVtLm5ldC9oYWJlci9ib3JzYWRhLTItaGlzc2VuaW4tdXplcmluZGUtdGVkYmlyLWthbGt0aS0xODAxMDYy0gEA?hl=tr&gl=TR&ceid=TR%3Atr
129,BİM 7 Haziran 2024 indirimli ürünleri yayımda! Motorcular ve otomobil kullanıcıları çok sevinecek,Aydınlık,İş,2024-05-29T21:30:00Z,news.google.com/articles/CBMijgFodHRwczovL3d3dy5heWRpbmxpay5jb20udHIvZm90b2dhbGVyaS9iaW0tNy1oYXppcmFuLTIwMjQtaW5kaXJpbWxpLXVydW5sZXJpLXlheWltZGEtbW90b3JjdWxhci12ZS1vdG9tb2JpbC1rdWxsYW5pY2lsYXJpLWNvay1zZXZpbmVjZWstNDc0NDc40gGSAWh0dHBzOi8vd3d3LmF5ZGlubGlrLmNvbS50ci9hbXAvZm90b2dhbGVyaS9iaW0tNy1oYXppcmFuLTIwMjQtaW5kaXJpbWxpLXVydW5sZXJpLXlheWltZGEtbW90b3JjdWxhci12ZS1vdG9tb2JpbC1rdWxsYW5pY2lsYXJpLWNvay1zZXZpbmVjZWstNDc0NDc4?hl=tr&gl=TR&ceid=TR%3Atr
130,BİM aktüel indirimleri 31 Mayıs 2024: BİM markette bu haftaya özel yeni indirimli ürünler listesi,NTV,İş,2024-05-27T13:11:10Z,news.google.com/articles/CBMinQFodHRwczovL3d3dy5udHYuY29tLnRyL2dhbGVyaS9la29ub21pL2JpbS1ha3R1ZWwtaW5kaXJpbWxlcmktMzEtbWF5aXMtMjAyNC1iaW0tbWFya2V0dGUtYnUtaGFmdGF5YS1vemVsLXllbmktaW5kaXJpbWxpLXVydW5sZXItbGlzdGVzaSxmcXRWNG1Db0lrZVZ3TE4ySmhTUmNn0gGhAWh0dHBzOi8vd3d3Lm50di5jb20udHIvYW1wL2dhbGVyaS9la29ub21pL2JpbS1ha3R1ZWwtaW5kaXJpbWxlcmktMzEtbWF5aXMtMjAyNC1iaW0tbWFya2V0dGUtYnUtaGFmdGF5YS1vemVsLXllbmktaW5kaXJpbWxpLXVydW5sZXItbGlzdGVzaSxmcXRWNG1Db0lrZVZ3TE4ySmhTUmNn?hl=tr&gl=TR&ceid=TR%3Atr
131,"BİM Aktüel 31 Mayıs 2024 Kataloğu Açııklandı! Elektrikli bisiklet, nostaljik radyo, dikey süpürge",Haber7.com,İş,2024-05-30T03:16:07Z,news.google.com/articles/CBMiiAFodHRwczovL20uaGFiZXI3LmNvbS9ha3R1ZWwvaGFiZXIvMzQyODI2Mi1iaW0tYWt0dWVsLTMxLW1heWlzLTIwMjQta2F0YWxvZ3UtYWNpaWtsYW5kaS1lbGVrdHJpa2xpLWJpc2lrbGV0LW5vc3RhbGppay1yYWR5by1kaWtleS1zdXB1cmdl0gGQAWh0dHBzOi8vbS5oYWJlcjcuY29tL2FtcGh0bWwvYWt0dWVsL2hhYmVyLzM0MjgyNjItYmltLWFrdHVlbC0zMS1tYXlpcy0yMDI0LWthdGFsb2d1LWFjaWlrbGFuZGktZWxla3RyaWtsaS1iaXNpa2xldC1ub3N0YWxqaWstcmFkeW8tZGlrZXktc3VwdXJnZQ?hl=tr&gl=TR&ceid=TR%3Atr
132,"BİM, A101, ŞOK'ta bu hafta neler var? BİM, A101, ŞOK 28-31 Mayıs 2024 aktüel kataloğu ile indirimli ürünler",Habertürk,İş,2024-05-29T22:53:03Z,news.google.com/articles/CBMiiAFodHRwczovL3d3dy5oYWJlcnR1cmsuY29tL2JpbS1hMTAxLXNvay10YS1idS1oYWZ0YS1uZWxlci12YXItYmltLWExMDEtc29rLTI4LTMxLW1heWlzLTIwMjQtYWt0dWVsLWthdGFsb2d1LWlsZS1pbmRpcmltbGktdXJ1bmxlci0zNjkwMjc00gGKAWh0dHBzOi8vbS5oYWJlcnR1cmsuY29tL2JpbS1hMTAxLXNvay10YS1idS1oYWZ0YS1uZWxlci12YXItYmltLWExMDEtc29rLTI4LTMxLW1heWlzLTIwMjQtYWt0dWVsLWthdGFsb2d1LWlsZS1pbmRpcmltbGktdXJ1bmxlci0zNjkwMjc0LWFtcA?hl=tr&gl=TR&ceid=TR%3Atr
133,"20.000 TL Bayram Desteği ONAYLANDI! Asgari Ücretli, Memur, Emekli Alacak",Kartal Gazetesi,İş,2024-05-29T06:25:26Z,news.google.com/articles/CBMiZmh0dHBzOi8va2FydGFsZ2F6ZXRlc2kuY29tLzg2Njc3LTIwLTAwMC10bC1iYXlyYW0tZGVzdGVnaS1vbmF5bGFuZGktYXNnYXJpLXVjcmV0bGktbWVtdXItZW1la2xpLWFsYWNha9IBamh0dHBzOi8va2FydGFsZ2F6ZXRlc2kuY29tLzg2Njc3LTIwLTAwMC10bC1iYXlyYW0tZGVzdGVnaS1vbmF5bGFuZGktYXNnYXJpLXVjcmV0bGktbWVtdXItZW1la2xpLWFsYWNhay9hbXA?hl=tr&gl=TR&ceid=TR%3Atr
134,Nakit ihtiyacı olanlara Ziraat Bankasından 50.000 TL kredi kampanyası!,Sanayi Gazetesi,İş,2024-05-28T07:59:48Z,news.google.com/articles/CBMiZGh0dHBzOi8vc2FuYXlpZ2F6ZXRlc2kuY29tLnRyL25ha2l0LWlodGl5YWNpLW9sYW5sYXJhLXppcmFhdC1iYW5rYXNpbmRhbi01MC0wMDAtdGwta3JlZGkta2FtcGFueWFzaS_SAQA?hl=tr&gl=TR&ceid=TR%3Atr
135,Ziraat Bankası Banka Hesabı Olanlar İçin Bugünden Sonra 50.000 TL Ödeme Olacak!,Gecce,İş,2024-05-27T06:16:00Z,news.google.com/articles/CBMieGh0dHBzOi8vd3d3LmdlY2NlLmNvbS50ci9oYWJlci96aXJhYXQtYmFua2FzaS1iYW5rYS1oZXNhYmktb2xhbmxhci1pY2luLWJ1Z3VuZGVuLXNvbnJhLTUwMDAwLXRsLW9kZW1lLW9sYWNhay0zMTg4ODQuaHRtbNIBfGh0dHBzOi8vd3d3LmdlY2NlLmNvbS50ci9hbXAvaGFiZXIvemlyYWF0LWJhbmthc2ktYmFua2EtaGVzYWJpLW9sYW5sYXItaWNpbi1idWd1bmRlbi1zb25yYS01MDAwMC10bC1vZGVtZS1vbGFjYWstMzE4ODg0Lmh0bWw?hl=tr&gl=TR&ceid=TR%3Atr
136,Bayram öncesi 10 bin TL'lik ödeme haberi: Şartlar açıklandı!,kamuajans,İş,2024-05-27T04:00:00Z,news.google.com/articles/CBMiYmh0dHBzOi8vd3d3LmthbXVhamFucy5uZXQvZWtvbm9taS9iYXlyYW0tb25jZXNpLTEwLWJpbi10bGxpay1vZGVtZS1oYWJlcmktc2FydGxhci1hY2lrbGFuZGktNjAxNTE20gFmaHR0cHM6Ly93d3cua2FtdWFqYW5zLm5ldC9hbXAvZWtvbm9taS9iYXlyYW0tb25jZXNpLTEwLWJpbi10bGxpay1vZGVtZS1oYWJlcmktc2FydGxhci1hY2lrbGFuZGktNjAxNTE2?hl=tr&gl=TR&ceid=TR%3Atr
137,Araba alacaklar dikkat: 7 Temmuz öncesi bayilerde indirim rüzgârı - Fotoğraf Galerisi,T24,İş,2024-05-29T05:38:00Z,news.google.com/articles/CBMiZGh0dHBzOi8vdDI0LmNvbS50ci9mb3RvLWhhYmVyL2FyYWJhLWFsYWNha2xhci1kaWtrYXQtNy10ZW1tdXotb25jZXNpLWJheWlsZXJkZS1pbmRpcmltLXJ1emdhcmksMzI1MDnSAQA?hl=tr&gl=TR&ceid=TR%3Atr
138,‘Oto’da kritik viraj! 7 Temmuz’da yürürlüğe giriyor - Son Haberler,Milliyet,İş,2024-05-30T03:52:00Z,news.google.com/articles/CBMiPmh0dHBzOi8vd3d3Lm1pbGxpeWV0LmNvbS50ci9la29ub21pL290b2RhLWtyaXRpay12aXJhai03MTM0NDI50gEA?hl=tr&gl=TR&ceid=TR%3Atr
139,Otomotivde yeni dönem: 7 Temmuz milat olacak - Son Dakika Haberleri,TRT Haber,İş,2024-05-28T07:00:00Z,news.google.com/articles/CBMiXWh0dHBzOi8vd3d3LnRydGhhYmVyLmNvbS9oYWJlci9ndW5kZW0vb3RvbW90aXZkZS15ZW5pLWRvbmVtLTctdGVtbXV6LW1pbGF0LW9sYWNhay04NjAyNTguaHRtbNIBAA?hl=tr&gl=TR&ceid=TR%3Atr
140,Otomobilde fırsat zamanı: Tüm gözler 7 Temmuz'da,Odatv,İş,2024-05-28T09:14:14Z,news.google.com/articles/CBMif2h0dHBzOi8vd3d3Lm9kYXR2LmNvbS9la29ub21pL290b21vYmlsZGUtZmlyc2F0LXphbWFuaS10dW0tZ296bGVyLTctdGVtbXV6ZGEtaWtpbmNpLWVsLW90b21vYmlsLXBpeWFzYXNpbmRhLXNvbi1kdXJ1bS0xMjAwNDU4ODnSAYMBaHR0cHM6Ly93d3cub2RhdHYuY29tL2FtcC9la29ub21pL290b21vYmlsZGUtZmlyc2F0LXphbWFuaS10dW0tZ296bGVyLTctdGVtbXV6ZGEtaWtpbmNpLWVsLW90b21vYmlsLXBpeWFzYXNpbmRhLXNvbi1kdXJ1bS0xMjAwNDU4ODk?hl=tr&gl=TR&ceid=TR%3Atr
141,BYD 2 bin kilometreden fazla menzili olan araçlarını tanıttı,Sözcü,İş,2024-05-29T13:09:00Z,news.google.com/articles/CBMiXGh0dHBzOi8vd3d3LnNvemN1LmNvbS50ci9ieWQtMi1iaW4ta2lsb21ldHJlZGVuLWZhemxhLW1lbnppbGktb2xhbi1hcmFjbGFyaW5pLXRhbml0dGktcDUwODQ40gFgaHR0cHM6Ly93d3cuc296Y3UuY29tLnRyL2FtcC9ieWQtMi1iaW4ta2lsb21ldHJlZGVuLWZhemxhLW1lbnppbGktb2xhbi1hcmFjbGFyaW5pLXRhbml0dGktcDUwODQ4?hl=tr&gl=TR&ceid=TR%3Atr
142,"BYD, 2.000 km üstü sürüş menzili getiren iki hibrit sedan tanıttı",LOG,İş,2024-05-29T06:27:14Z,news.google.com/articles/CBMiWGh0dHBzOi8vd3d3LmxvZy5jb20udHIvYnlkLTItMDAwLWttLXVzdHUtc3VydXMtbWVuemlsaS1nZXRpcmVuLWlraS1oaWJyaXQtc2VkYW4tdGFuaXR0aS_SAVxodHRwczovL3d3dy5sb2cuY29tLnRyL2J5ZC0yLTAwMC1rbS11c3R1LXN1cnVzLW1lbnppbGktZ2V0aXJlbi1pa2ktaGlicml0LXNlZGFuLXRhbml0dGkvYW1wLw?hl=tr&gl=TR&ceid=TR%3Atr
143,BYD'den devrim niteliğinde vaat! 2100 km'ye kadar menzil...,TELE1 TV,İş,2024-05-29T11:27:50Z,news.google.com/articles/CBMiU2h0dHBzOi8vdGVsZTEuY29tLnRyL2J5ZGRlbi1kZXZyaW0tbml0ZWxpZ2luZGUtdmFhdC0yMTAwLWtteWUta2FkYXItbWVuemlsLTEwNzUxOTcv0gEA?hl=tr&gl=TR&ceid=TR%3Atr
144,BYD'nin 5. nesil hibrit teknolojisi 2100 km'ye kadar menzil vadediyor,DonanımHaber,İş,2024-05-29T11:00:00Z,news.google.com/articles/CBMiYGh0dHBzOi8vd3d3LmRvbmFuaW1oYWJlci5jb20vYnlkLW5pbi01LW5lc2lsLWhpYnJpdC10ZWtub2xvamlzaS0yMTAwLWttLW1lbnppbC12YWRlZGl5b3ItLTE3NzgxONIBZGh0dHBzOi8vd3d3LmRvbmFuaW1oYWJlci5jb20vYW1wL2J5ZC1uaW4tNS1uZXNpbC1oaWJyaXQtdGVrbm9sb2ppc2ktMjEwMC1rbS1tZW56aWwtdmFkZWRpeW9yLS0xNzc4MTg?hl=tr&gl=TR&ceid=TR%3Atr
145,Fitch'ten Türkiye Enflasyonu İçin Önemli Tahmin: Belediyelere Dikkat Çekti,Onedio,İş,2024-05-29T12:47:26Z,news.google.com/articles/CBMiamh0dHBzOi8vb25lZGlvLmNvbS9oYWJlci9maXRjaC10ZW4tdHVya2l5ZS1lbmZsYXN5b251LWljaW4tb25lbWxpLXRhaG1pbi1iZWxlZGl5ZWxlcmUtZGlra2F0LWNla3RpLTEyMjU2NTDSAW5odHRwczovL2FtcC5vbmVkaW8uY29tL2hhYmVyL2ZpdGNoLXRlbi10dXJraXllLWVuZmxhc3lvbnUtaWNpbi1vbmVtbGktdGFobWluLWJlbGVkaXllbGVyZS1kaWtrYXQtY2VrdGktMTIyNTY1MA?hl=tr&gl=TR&ceid=TR%3Atr
146,Fitch'ten Türkiye için yıl sonu enflasyon tahmini,Gazete Duvar,İş,2024-05-29T12:35:24Z,news.google.com/articles/CBMiXmh0dHBzOi8vd3d3LmdhemV0ZWR1dmFyLmNvbS50ci9maXRjaHRlbi10dXJraXllLWljaW4teWlsLXNvbnUtZW5mbGFzeW9uLXRhaG1pbmktZ2FsZXJpLTE2OTQ4ODjSAWJodHRwczovL3d3dy5nYXpldGVkdXZhci5jb20udHIvYW1wL2ZpdGNodGVuLXR1cmtpeWUtaWNpbi15aWwtc29udS1lbmZsYXN5b24tdGFobWluaS1nYWxlcmktMTY5NDg4OA?hl=tr&gl=TR&ceid=TR%3Atr
147,Fitch Ratings: Türkiye'de Enflasyon Yıl Sonunda Yüzde 40'a Ulaşacak,Son Dakika,İş,2024-05-29T13:41:22Z,news.google.com/articles/CBMiYGh0dHBzOi8vd3d3LnNvbmRha2lrYS5jb20vZWtvbm9taS9oYWJlci1maXRjaC1yYXRpbmdzLXR1cmtpeWUtaWNpbi1lbmZsYXN5b24tdGFobWluaW5pLTE3Mzc1OTgxL9IBXGh0dHBzOi8vd3d3LnNvbmRha2lrYS5jb20vYW1wL2hhYmVyLWZpdGNoLXJhdGluZ3MtdHVya2l5ZS1pY2luLWVuZmxhc3lvbi10YWhtaW5pbmktMTczNzU5ODEv?hl=tr&gl=TR&ceid=TR%3Atr
148,Işık görünmüyor,Milli Gazete,İş,2024-05-28T01:30:00Z,news.google.com/articles/CBMiTmh0dHBzOi8vd3d3Lm1pbGxpZ2F6ZXRlLmNvbS50ci9tYWthbGUvMjAzMTIxMjEvYnVyYWsta2lsbGlvZ2x1L2lzaWstZ29ydW5tdXlvctIBUmh0dHBzOi8vd3d3Lm1pbGxpZ2F6ZXRlLmNvbS50ci9hbXAvbWFrYWxlLzIwMzEyMTIxL2J1cmFrLWtpbGxpb2dsdS9pc2lrLWdvcnVubXV5b3I?hl=tr&gl=TR&ceid=TR%3Atr
149,"HALKA ARZ TAKVİMİ 29-31 MAYIS || 3 şirket talep toplayacak! SPK ile bu hafta hangi şirketler halka arz olacak, ne zaman?",Sabah,İş,2024-05-28T22:04:00Z,news.google.com/articles/CBMilwFodHRwczovL3d3dy5zYWJhaC5jb20udHIvZ2FsZXJpL3lhc2FtL2hhbGthLWFyei10YWt2aW1pLW1heWlzLTIwMjQtMy1zaXJrZXQtaGFsa2EtYWNpbGl5b3IteWVuaS1oYWxrYS1hcnotdmFyLW1pLWhhbmdpLXNpcmtldGxlci10YWxlcC10b3BsYW1hLW5lLXphbWFu0gGZAWh0dHBzOi8vbS5zYWJhaC5jb20udHIvZ2FsZXJpL3lhc2FtL2hhbGthLWFyei10YWt2aW1pLW1heWlzLTIwMjQtMy1zaXJrZXQtaGFsa2EtYWNpbGl5b3IteWVuaS1oYWxrYS1hcnotdmFyLW1pLWhhbmdpLXNpcmtldGxlci10YWxlcC10b3BsYW1hLW5lLXphbWFuL2FtcA?hl=tr&gl=TR&ceid=TR%3Atr
150,Yiğit Akü neden halka arz kararı aldı?,Ekonomist Dergisi,İş,2024-05-29T15:59:52Z,news.google.com/articles/CBMiT2h0dHBzOi8vd3d3LmVrb25vbWlzdC5jb20udHIvYm9yc2EveWlnaXQtYWt1LW5lZGVuLWhhbGthLWFyei1rYXJhcmktYWxkaS0tNTAzODHSAVNodHRwczovL3d3dy5la29ub21pc3QuY29tLnRyL2FtcC9ib3JzYS95aWdpdC1ha3UtbmVkZW4taGFsa2EtYXJ6LWthcmFyaS1hbGRpLS01MDM4MQ?hl=tr&gl=TR&ceid=TR%3Atr
151,Halka arz olan Horoz Lojistik talep toplamaya başladı! Kaç lot dağıtacak? Son gün ne zaman? Sahibi kim?,Sanayi Gazetesi,İş,2024-05-29T12:32:19Z,news.google.com/articles/CBMiggFodHRwczovL3NhbmF5aWdhemV0ZXNpLmNvbS50ci9oYWxrYS1hcnotb2xhbi1ob3Jvei1sb2ppc3Rpay10YWxlcC10b3BsYW1heWEtYmFzbGFkaS1rYWMtbG90LWRhZ2l0YWNhay1zb24tZ3VuLW5lLXphbWFuLXNhaGliaS1raW0v0gEA?hl=tr&gl=TR&ceid=TR%3Atr
152,"YİĞİT AKÜ (YIGIT) TALEP TOPLAMA TARİHLERİ | Yiğit Akü kaç lot dağıtacak, hisse bedeli ne kadar? Yiğit Akü halka arzına ilişkin bilmeniz gerekenler...",Milliyet,İş,2024-05-29T13:49:12Z,news.google.com/articles/CBMijwFodHRwczovL3d3dy5taWxsaXlldC5jb20udHIvZ2FsZXJpL3lpZ2l0LWFrdS1oYWxrYS1hcnotdGFyaWhsZXJpLXlpZ2l0LWFrdS1oaXNzZS1maXlhdGktbmVkaXIta2FjLWxvdC1kYWdpdGFjYWstdGFsZXAtdG9wbGFtYS10YXJpaGxlcmktNzEzNDIwONIBkwFodHRwczovL3d3dy5taWxsaXlldC5jb20udHIvYW1wL2dhbGVyaS95aWdpdC1ha3UtaGFsa2EtYXJ6LXRhcmlobGVyaS15aWdpdC1ha3UtaGlzc2UtZml5YXRpLW5lZGlyLWthYy1sb3QtZGFnaXRhY2FrLXRhbGVwLXRvcGxhbWEtdGFyaWhsZXJpLTcxMzQyMDg?hl=tr&gl=TR&ceid=TR%3Atr
153,Yabancı fondan TL tahvil hamlesi,Bloomberg HT,İş,2024-05-29T11:38:48Z,news.google.com/articles/CBMiRGh0dHBzOi8vd3d3LmJsb29tYmVyZ2h0LmNvbS95YWJhbmNpLWZvbmRhbi10bC10YWh2aWwtaGFtbGVzaS0yMzUzODMz0gFIaHR0cHM6Ly93d3cuYmxvb21iZXJnaHQuY29tL3lhYmFuY2ktZm9uZGFuLXRsLXRhaHZpbC1oYW1sZXNpLTIzNTM4MzMtYW1w?hl=tr&gl=TR&ceid=TR%3Atr
154,"Aselsan'dan ilk çeyrekte 1,4 milyar lira kâr",Bloomberg HT,İş,2024-05-28T16:36:27Z,news.google.com/articles/CBMiT2h0dHBzOi8vd3d3LmJsb29tYmVyZ2h0LmNvbS9hc2Vsc2FuLWRhbi1pbGstY2V5cmVrdGUtMS00LW1pbHlhci1saXJhLWtyLTIzNTM3NjXSAVNodHRwczovL3d3dy5ibG9vbWJlcmdodC5jb20vYXNlbHNhbi1kYW4taWxrLWNleXJla3RlLTEtNC1taWx5YXItbGlyYS1rci0yMzUzNzY1LWFtcA?hl=tr&gl=TR&ceid=TR%3Atr
155,ASELSAN'ın bakiye siparişleri tarihi seviyede,Haber7.com,İş,2024-05-28T20:35:00Z,news.google.com/articles/CBMiV2h0dHBzOi8vbS5oYWJlcjcuY29tL2Vrb25vbWkvaGFiZXIvMzQyODE2OS1hc2Vsc2FuaW4tYmFraXllLXNpcGFyaXNsZXJpLXRhcmloaS1zZXZpeWVkZdIBX2h0dHBzOi8vbS5oYWJlcjcuY29tL2FtcGh0bWwvZWtvbm9taS9oYWJlci8zNDI4MTY5LWFzZWxzYW5pbi1iYWtpeWUtc2lwYXJpc2xlcmktdGFyaWhpLXNldml5ZWRl?hl=tr&gl=TR&ceid=TR%3Atr
156,ASELSAN: Tarihin en yüksek bakiye siparişi - Savunma Sanayi Haberleri,Habertürk,İş,2024-05-28T19:19:15Z,news.google.com/articles/CBMiU2h0dHBzOi8vd3d3LmhhYmVydHVyay5jb20vYXNlbHNhbi10YXJpaGluLWVuLXl1a3Nlay1iYWtpeWUtc2lwYXJpc2ktMzY5MDQ4MC1la29ub21p0gFNaHR0cHM6Ly9tLmhhYmVydHVyay5jb20vYXNlbHNhbi10YXJpaGluLWVuLXl1a3Nlay1iYWtpeWUtc2lwYXJpc2ktMzY5MDQ4MC1hbXA?hl=tr&gl=TR&ceid=TR%3Atr
157,"Bakiye Siparişlerinde Tarihi Rekor: ASELSAN 11,1 Milyar Dolarlık Sipariş Aldı — Son Dakika Havacılık",Airline Haber,İş,2024-05-29T08:27:43Z,news.google.com/articles/CBMiaWh0dHBzOi8vd3d3LmFpcmxpbmVoYWJlci5jb20vYmFraXllLXNpcGFyaXNsZXJpbmRlLXRhcmloaS1yZWtvci1hc2Vsc2FuLTExMS1taWx5YXItZG9sYXJsaWstc2lwYXJpcy1hbGRpL9IBbWh0dHBzOi8vd3d3LmFpcmxpbmVoYWJlci5jb20vYmFraXllLXNpcGFyaXNsZXJpbmRlLXRhcmloaS1yZWtvci1hc2Vsc2FuLTExMS1taWx5YXItZG9sYXJsaWstc2lwYXJpcy1hbGRpL2FtcC8?hl=tr&gl=TR&ceid=TR%3Atr
158,Markette harcadıkça kazanma devri başladı! Toplam 1.200 TL ödenecek,Kamu Bülteni,İş,2024-05-29T18:24:00Z,news.google.com/articles/CBMicmh0dHBzOi8vd3d3LmthbXVidWx0ZW5pLmNvbS9la29ub21pL21hcmtldHRlLWhhcmNhZGlrY2Eta2F6YW5tYS1kZXZyaS1iYXNsYWRpLXRvcGxhbS0xLTIwMC10bC1vZGVuZWNlay1oNzYxNzYuaHRtbNIBdmh0dHBzOi8vd3d3LmthbXVidWx0ZW5pLmNvbS9hbXAvZWtvbm9taS9tYXJrZXR0ZS1oYXJjYWRpa2NhLWthemFubWEtZGV2cmktYmFzbGFkaS10b3BsYW0tMS0yMDAtdGwtb2RlbmVjZWstaDc2MTc2Lmh0bWw?hl=tr&gl=TR&ceid=TR%3Atr
159,İş Bankasından 2000 TL'lik kampanya fırsatı! 31 Mayıs'a kadar geçerli olacak…,Sanayi Gazetesi,İş,2024-05-29T14:25:52Z,news.google.com/articles/CBMiaGh0dHBzOi8vc2FuYXlpZ2F6ZXRlc2kuY29tLnRyL2lzLWJhbmthc2luZGFuLTIwMDAtdGxsaWsta2FtcGFueWEtZmlyc2F0aS0zMS1tYXlpc2Eta2FkYXItZ2VjZXJsaS1vbGFjYWsv0gEA?hl=tr&gl=TR&ceid=TR%3Atr
160,İş Bankası’ndan Kurban Bayramı’na Özel 2 Bin TL! Bir Seferliğe Mahsus Hesaplara Yatacak!,Karamanın Sesi,İş,2024-05-27T11:26:42Z,news.google.com/articles/CBMifmh0dHBzOi8vd3d3LmthcmFtYW5pbnNlc2kuY29tL2lzLWJhbmthc2luZGFuLWt1cmJhbi1iYXlyYW1pbmEtb3plbC0yLWJpbi10bC1iaXItc2VmZXJsaWdlLW1haHN1cy1oZXNhcGxhcmEteWF0YWNhay1oNDU3ODAuaHRtbNIBggFodHRwczovL3d3dy5rYXJhbWFuaW5zZXNpLmNvbS9hbXAvaXMtYmFua2FzaW5kYW4ta3VyYmFuLWJheXJhbWluYS1vemVsLTItYmluLXRsLWJpci1zZWZlcmxpZ2UtbWFoc3VzLWhlc2FwbGFyYS15YXRhY2FrLWg0NTc4MC5odG1s?hl=tr&gl=TR&ceid=TR%3Atr
161,İş Bankası bedavaya 500 lira dağıtıyor! Kampanyalı kod 31 Mayıs'a kadar geçerli,Aydınlık,İş,2024-05-27T14:20:00Z,news.google.com/articles/CBMidmh0dHBzOi8vd3d3LmF5ZGlubGlrLmNvbS50ci9oYWJlci9pcy1iYW5rYXNpLWJlZGF2YXlhLTUwMC1saXJhLWRhZ2l0aXlvci1rYW1wYW55YWxpLWtvZC0zMS1tYXlpc2Eta2FkYXItZ2VjZXJsaS00NzM5NjLSAXpodHRwczovL3d3dy5heWRpbmxpay5jb20udHIvYW1wL2hhYmVyL2lzLWJhbmthc2ktYmVkYXZheWEtNTAwLWxpcmEtZGFnaXRpeW9yLWthbXBhbnlhbGkta29kLTMxLW1heWlzYS1rYWRhci1nZWNlcmxpLTQ3Mzk2Mg?hl=tr&gl=TR&ceid=TR%3Atr
162,Tekstil devi iflas etti!,Yeni Akit,İş,2024-05-29T18:27:55Z,news.google.com/articles/CBMikwFodHRwczovL3d3dy55ZW5pYWtpdC5jb20udHIvaGFiZXIvdHVyay1kZXZpLWlmbGFzLWV0dGktMjcteWlsZGlyLWZhYWxpeWV0LWdvc3RlcmVuLWZpcm1hLXRla3N0aWwtaXNpLXlhcGl5b3JkdS1maXJtYS1rb25rb3JkYXRvLWlzdGVkaS0xODU3MjMxLmh0bWzSAZABaHR0cHM6Ly9tLnllbmlha2l0LmNvbS50ci9hbXAvaGFiZXIvMTg1NzIzMS90dXJrLWRldmktaWZsYXMtZXR0aS0yNy15aWxkaXItZmFhbGl5ZXQtZ29zdGVyZW4tZmlybWEtdGVrc3RpbC1pc2kteWFwaXlvcmR1LWZpcm1hLWtvbmtvcmRhdG8taXN0ZWRp?hl=tr&gl=TR&ceid=TR%3Atr
163,1997 yılında kurulan Türk tekstil devi iflas etti! Yatırımcılar mağdur oldu…,Sanayi Gazetesi,İş,2024-05-29T14:02:45Z,news.google.com/articles/CBMiaWh0dHBzOi8vc2FuYXlpZ2F6ZXRlc2kuY29tLnRyLzE5OTcteWlsaW5kYS1rdXJ1bGFuLXR1cmstdGVrc3RpbC1kZXZpLWlmbGFzLWV0dGkteWF0aXJpbWNpbGFyLW1hZ2R1ci1vbGR1L9IBAA?hl=tr&gl=TR&ceid=TR%3Atr
164,"Türkiye için 'öldü bitti' diyorlardı! Ünlü giyim markası iflas etti, 95 mağaza acil olarak kapatılacak",Yeni Akit,İş,2024-05-28T12:11:04Z,news.google.com/articles/CBMikQFodHRwczovL3d3dy55ZW5pYWtpdC5jb20udHIvaGFiZXIvdHVya2l5ZS1pY2luLW9sZHUtYml0dGktZGl5b3JsYXJkaS11bmx1LWdpeWltLW1hcmthc2ktaWZsYXMtZXR0aS05NS1tYWdhemEtYWNpbC1vbGFyYWsta2FwYXRpbGFjYWstMTg1NjgxNS5odG1s0gGOAWh0dHBzOi8vbS55ZW5pYWtpdC5jb20udHIvYW1wL2hhYmVyLzE4NTY4MTUvdHVya2l5ZS1pY2luLW9sZHUtYml0dGktZGl5b3JsYXJkaS11bmx1LWdpeWltLW1hcmthc2ktaWZsYXMtZXR0aS05NS1tYWdhemEtYWNpbC1vbGFyYWsta2FwYXRpbGFjYWs?hl=tr&gl=TR&ceid=TR%3Atr
165,"Ünlü Giyim Mağazası Nalları Dikti, Battı: Tüm Şubeleri Tek Tek Kapatılacak!",Erzincan Medya,İş,2024-05-29T07:15:13Z,news.google.com/articles/CBMiZ2h0dHBzOi8vd3d3LmVyemluY2FubWVkeWEuY29tL3VubHUtZ2l5aW0tbWFnYXphc2ktbmFsbGFyaS1kaWt0aS1iYXR0aS10dW0tc3ViZWxlcmktdGVrLXRlay1rYXBhdGlsYWNhay_SAQA?hl=tr&gl=TR&ceid=TR%3Atr
166,"İş Bankası, Akbank, Garanti, Denizbank, ING ve Enpara'dan 30 Bin TL'ye Kadar Bayram Yardımı 2024!",Karamanın Sesi,İş,2024-05-29T07:52:14Z,news.google.com/articles/CBMid2h0dHBzOi8vd3d3LmthcmFtYW5pbnNlc2kuY29tL2lzLWJhbmthc2ktYWtiYW5rLWdhcmFudGktZGVuaXpiYW5rLWluZy12ZS1lbnBhcmFkYW4tMzAtYmluLXRseWUta2FkYXItYmF5cmFtLWg0NTgyOS5odG1s0gEA?hl=tr&gl=TR&ceid=TR%3Atr
167,Rakam yükseldi... İşte banka banka faizsiz kredi kampanyaları,Odatv,İş,2024-05-26T13:23:13Z,news.google.com/articles/CBMib2h0dHBzOi8vd3d3Lm9kYXR2LmNvbS9ndW5jZWwvcmFrYW0tMzUtYmluLWxpcmF5YS15dWtzZWxkaS1pc3RlLWJhbmthLWJhbmthLWZhaXpzaXota3JlZGkta2FtcGFueWFsYXJpLTEyMDA0NTU4NdIBc2h0dHBzOi8vd3d3Lm9kYXR2LmNvbS9hbXAvZ3VuY2VsL3Jha2FtLTM1LWJpbi1saXJheWEteXVrc2VsZGktaXN0ZS1iYW5rYS1iYW5rYS1mYWl6c2l6LWtyZWRpLWthbXBhbnlhbGFyaS0xMjAwNDU1ODU?hl=tr&gl=TR&ceid=TR%3Atr
168,Bayram öncesi bankalar kesenin ağzını açtı! Başvuranlara 20 bin TL verilecek,Haber Sitesi,İş,2024-05-29T08:22:00Z,news.google.com/articles/CBMidmh0dHBzOi8vd3d3LmVnZWd1bmRlbS5jb20udHIvZm90by8yMDMyNTU3Ny9iYXlyYW0tb25jZXNpLWJhbmthbGFyLWtlc2VuaW4tYWd6aW5pLWFjdGktYmFzdnVyYW5sYXJhLTIwLWJpbi10bC12ZXJpbGVjZWvSAQA?hl=tr&gl=TR&ceid=TR%3Atr
169,"SIFIR FAİZLİ KREDİ: Rakam 35 bin TL'ye çıktı, işte 0 faizli kredilerde son gelişme",Dünya Gazetesi,İş,2024-05-26T08:38:22Z,news.google.com/articles/CBMihwFodHRwczovL3d3dy5kdW55YS5jb20vZm90by1nYWxlcmkvZWtvbm9taS9zaWZpci1mYWl6bGkta3JlZGktcmFrYW0tMzUtYmluLXRseWUtY2lrdGktaXN0ZS0wLWZhaXpsaS1rcmVkaWxlcmRlLXNvbi1nZWxpc21lLWdhbGVyaS03Mjg5NDDSAQA?hl=tr&gl=TR&ceid=TR%3Atr
170,"Togg CEO'su Karakaş, Togg'la ilgili ortaklık ve zarar iddialarını yanıtladı: İlk dört ayda pazar lideriyiz, ihtiyaç ortaya çıktığında ortaklıklar kurulur",T24,İş,2024-05-29T21:00:00Z,news.google.com/articles/CBMitwFodHRwczovL3QyNC5jb20udHIvaGFiZXIvdG9nZy1jZW8tc3Uta2FyYWthcy10b2dnLWxhLWlsZ2lsaS1vcnRha2xpay12ZS16YXJhci1pZGRpYWxhcmluaS15YW5pdGxhZGktaWxrLWRvcnQtYXlkYS1wYXphci1saWRlcml5aXotaWh0aXlhYy1vcnRheWEtY2lrdGlnaW5kYS1vcnRha2xpa2xhci1rdXJ1bHVyLDExNjcxMjfSAQA?hl=tr&gl=TR&ceid=TR%3Atr
171,Alman dergisi Togg ile test sürüşüne çıktı! Yerli otomobili öve öve bitiremediler!,Sanayi Gazetesi,İş,2024-05-27T10:28:11Z,news.google.com/articles/CBMib2h0dHBzOi8vc2FuYXlpZ2F6ZXRlc2kuY29tLnRyL2FsbWFuLWRlcmdpc2ktdG9nZy1pbGUtdGVzdC1zdXJ1c3VuZS1jaWt0aS15ZXJsaS1vdG9tb2JpbGktb3ZlLW92ZS1iaXRpcmVtZWRpbGVyL9IBAA?hl=tr&gl=TR&ceid=TR%3Atr
172,"'Zarar etmiyoruz' diyen CEO Gürcan Karakaş, TOGG'daki en büyük sıkıntıyı açıkladı",Yeni Akit,İş,2024-05-29T21:15:15Z,news.google.com/articles/CBMie2h0dHBzOi8vd3d3Lnllbmlha2l0LmNvbS50ci9mb3RvLWdhbGVyaS96YXJhci1ldG1peW9ydXotZGl5ZW4tY2VvLWd1cmNhbi1rYXJha2FzLXRvZ2dkYWtpLWVuLWJ1eXVrLXNpa2ludGl5aS1hY2lrbGFkaS04NDc4ONIBfWh0dHBzOi8vbS55ZW5pYWtpdC5jb20udHIvYW1wL2ZvdG8tZ2FsZXJpLzg0Nzg4L3phcmFyLWV0bWl5b3J1ei1kaXllbi1jZW8tZ3VyY2FuLWthcmFrYXMtdG9nZ2Rha2ktZW4tYnV5dWstc2lraW50aXlpLWFjaWtsYWRp?hl=tr&gl=TR&ceid=TR%3Atr
173,Alman medyası Togg'a övgüler yağdırdı,Dünya Gazetesi,İş,2024-05-26T06:34:00Z,news.google.com/articles/CBMiW2h0dHBzOi8vd3d3LmR1bnlhLmNvbS9zZWt0b3JsZXIvb3RvbW90aXYvYWxtYW4tbWVkeWFzaS10b2dnYS1vdmd1bGVyLXlhZ2RpcmRpLWhhYmVyaS03Mjg5MzjSAQA?hl=tr&gl=TR&ceid=TR%3Atr
174,Faiz oranları değişti: İşte 1 milyon TL'nin getirisi,Gazete Duvar,İş,2024-05-29T21:28:41Z,news.google.com/articles/CBMiYGh0dHBzOi8vd3d3LmdhemV0ZWR1dmFyLmNvbS50ci9mYWl6LW9yYW5sYXJpLWRlZ2lzdGktaXN0ZS0xLW1pbHlvbi10bG5pbi1nZXRpcmlzaS1nYWxlcmktMTY5NDUyMtIBZGh0dHBzOi8vd3d3LmdhemV0ZWR1dmFyLmNvbS50ci9hbXAvZmFpei1vcmFubGFyaS1kZWdpc3RpLWlzdGUtMS1taWx5b24tdGxuaW4tZ2V0aXJpc2ktZ2FsZXJpLTE2OTQ1MjI?hl=tr&gl=TR&ceid=TR%3Atr
175,Bankalardan faiz ayarı! Mevduatta oranlar değişti: İşte 1 milyon liranın getirisi,Milliyet,İş,2024-05-28T04:01:00Z,news.google.com/articles/CBMie2h0dHBzOi8vd3d3Lm1pbGxpeWV0LmNvbS50ci9la29ub21pL2JhbmthbGFyZGFuLWZhaXotYXlhcmktbWV2ZHVhdHRhLW9yYW5sYXItZGVnaXN0aS1pc3RlLTEtbWlseW9uLWxpcmFuaW4tZ2V0aXJpc2ktNzEzMzMyM9IBAA?hl=tr&gl=TR&ceid=TR%3Atr
176,"Ziraat, İş Bankası, Yapı Kredi, Akbank, Garanti, Denizbank ve 7 Bankada Daha Faiz Depremi! 500 Bin TL’ye Ne Kadar Faiz Geliyor?",Karamanın Sesi,İş,2024-05-29T16:00:00Z,news.google.com/articles/CBMidmh0dHBzOi8vd3d3LmthcmFtYW5pbnNlc2kuY29tL3ppcmFhdC1pcy1iYW5rYXNpLXlhcGkta3JlZGktYWtiYW5rLWdhcmFudGktZGVuaXpiYW5rLXZlLTctYmFua2FkYS1kYWhhLWZhaXotaDQ1ODQ4Lmh0bWzSAXpodHRwczovL3d3dy5rYXJhbWFuaW5zZXNpLmNvbS9hbXAvemlyYWF0LWlzLWJhbmthc2kteWFwaS1rcmVkaS1ha2JhbmstZ2FyYW50aS1kZW5pemJhbmstdmUtNy1iYW5rYWRhLWRhaGEtZmFpei1oNDU4NDguaHRtbA?hl=tr&gl=TR&ceid=TR%3Atr
177,Merkez Bankası'nın adımları mevduat faizine yaradı - Son Dakika Ekonomi Haberleri | Ntv Para,NTV,İş,2024-05-27T10:32:09Z,news.google.com/articles/CBMicWh0dHBzOi8vd3d3Lm50di5jb20udHIvZ2FsZXJpL250dnBhcmEvbWVya2V6LWJhbmthc2luaW4tYWRpbWxhcmktbWV2ZHVhdC1mYWl6bGVyaW5lLXlhcmFkaSxvNWxQZFZWRlFrLWFQOFA2NjN1bXhB0gEA?hl=tr&gl=TR&ceid=TR%3Atr
178,Renault 300 bin TL'ye otomobil satacak! İkinci elleri yenileyip piyasaya sürecekler | Otomotiv Haberleri,Yeni Şafak,İş,2024-05-29T09:00:28Z,news.google.com/articles/CBMihwFodHRwczovL3d3dy55ZW5pc2FmYWsuY29tL2ZvdG8tZ2FsZXJpL2Vrb25vbWkvcmVuYXVsdC0zMDAtYmluLXRseWUtb3RvbW9iaWwtc2F0YWNhay1pa2luY2ktZWxsZXJpLXllbmlsZXlpcC1waXlhc2F5YS1zdXJlY2VrbGVyLTQ2MjQyNTDSAQA?hl=tr&gl=TR&ceid=TR%3Atr
179,300 bin TL'ye araba artık hayal değil: İkinci elde ‘sıfır’ fırsat,Odatv,İş,2024-05-30T05:22:56Z,news.google.com/articles/CBMipgFodHRwczovL3d3dy5vZGF0di5jb20vZWtvbm9taS8zMDAtYmluLXRseWUtYXJhYmEtYXJ0aWstaGF5YWwtZGVnaWwtaWtpbmNpLWVsZGUtc2lmaXItZmlyc2F0LWhhbmdpLWZpcm1hLWFyYWNsYXJpLXllbmlsZWRpLXVjdXotYXJhYmEtYWxtYW5pbi1kZXRheWxhcmktbmVsZXItMTIwMDQ2MjIw0gGqAWh0dHBzOi8vd3d3Lm9kYXR2LmNvbS9hbXAvZWtvbm9taS8zMDAtYmluLXRseWUtYXJhYmEtYXJ0aWstaGF5YWwtZGVnaWwtaWtpbmNpLWVsZGUtc2lmaXItZmlyc2F0LWhhbmdpLWZpcm1hLWFyYWNsYXJpLXllbmlsZWRpLXVjdXotYXJhYmEtYWxtYW5pbi1kZXRheWxhcmktbmVsZXItMTIwMDQ2MjIw?hl=tr&gl=TR&ceid=TR%3Atr
180,300 bin TL’ye dahi araç var! Otomotiv devi 2'nci el otomobilleri yenileyip satışa çıkardı,TELE1 TV,İş,2024-05-28T07:03:55Z,news.google.com/articles/CBMidGh0dHBzOi8vdGVsZTEuY29tLnRyLzMwMC1iaW4tdGx5ZS1kYWhpLWFyYWMtdmFyLW90b21vdGl2LWRldmktMm5jaS1lbC1vdG9tb2JpbGxlcmkteWVuaWxleWlwLXNhdGlzYS1jaWthcmRpLTEwNzQyMzUv0gEA?hl=tr&gl=TR&ceid=TR%3Atr
181,"Türkiye'de yeni bir dönem başlıyor! Otomotiv devi Renault, 2. El araçlara yenilik getiriyor!",kamuajans,İş,2024-05-29T03:00:00Z,news.google.com/articles/CBMidGh0dHBzOi8vd3d3LmthbXVhamFucy5uZXQvaGFiZXIvdHVya2l5ZWRlLXllbmktYmlyLWRvbmVtLWJhc2xpeW9yLW90b21vdGl2LWRldmktcmVuYXVsdC0yLWVsLWFyYWNsYXJhLXllbmlsaWstNjAxNTYz0gF4aHR0cHM6Ly93d3cua2FtdWFqYW5zLm5ldC9hbXAvaGFiZXIvdHVya2l5ZWRlLXllbmktYmlyLWRvbmVtLWJhc2xpeW9yLW90b21vdGl2LWRldmktcmVuYXVsdC0yLWVsLWFyYWNsYXJhLXllbmlsaWstNjAxNTYz?hl=tr&gl=TR&ceid=TR%3Atr
182,Türkiye Bankalar Birliği Başkanı Çakar A Para ekranlarında açıkladı: KKM sistemden azalarak çıkacak,Takvim,İş,2024-05-28T21:30:45Z,news.google.com/articles/CBMijwFodHRwczovL3d3dy50YWt2aW0uY29tLnRyL2Vrb25vbWkvMjAyNC8wNS8yOC90dXJraXllLWJhbmthbGFyLWJpcmxpZ2ktYmFza2FuaS1jYWthci1hLXBhcmEtZWtyYW5sYXJpbmRhLWFjaWtsYWRpLWtrbS1zaXN0ZW1kZW4tYXphbGFyYWstY2lrYWNha9IBkwFodHRwczovL3d3dy50YWt2aW0uY29tLnRyL2Vrb25vbWkvMjAyNC8wNS8yOC90dXJraXllLWJhbmthbGFyLWJpcmxpZ2ktYmFza2FuaS1jYWthci1hLXBhcmEtZWtyYW5sYXJpbmRhLWFjaWtsYWRpLWtrbS1zaXN0ZW1kZW4tYXphbGFyYWstY2lrYWNhay9hbXA?hl=tr&gl=TR&ceid=TR%3Atr
183,TL'ye geçiş hızlandı - Son Dakika Ekonomi Haberleri,Hürriyet,İş,2024-05-30T04:00:00Z,news.google.com/articles/CBMiQGh0dHBzOi8vd3d3Lmh1cnJpeWV0LmNvbS50ci9la29ub21pL3RseWUtZ2VjaXMtaGl6bGFuZGktNDI0Njk1MTnSAQA?hl=tr&gl=TR&ceid=TR%3Atr
184,Bankalar ‘sistemden çıkacak’ diyerek açıkladı: Türk Lirası ve dolar için dikkat çeken sözler: ‘Çok ciddi noktada…’,Mynet,İş,2024-05-29T05:49:33Z,news.google.com/articles/CBMingFodHRwczovL2ZpbmFucy5teW5ldC5jb20vaGFiZXIvZGV0YXkvZG92aXovYmFua2FsYXItc2lzdGVtZGVuLWNpa2FjYWstZGl5ZXJlay1hY2lrbGFkaS10dXJrLWxpcmFzaS12ZS1kb2xhci1pY2luLWRpa2thdC1jZWtlbi1zb3psZXItY29rLWNpZGRpLW5va3RhZGEvNDgzNDM1L9IBkwFodHRwczovL3d3dy5teW5ldC5jb20vYW1wL2JhbmthbGFyLXNpc3RlbWRlbi1jaWthY2FrLWRpeWVyZWstYWNpa2xhZGktdHVyay1saXJhc2ktdmUtZG9sYXItaWNpbi1kaWtrYXQtY2VrZW4tc296bGVyLWNvay1jaWRkaS1ub2t0YWRhLWZpbmFucy00ODM0MzU?hl=tr&gl=TR&ceid=TR%3Atr
185,Türkiye Bankalar Birliği Başkanı Çakar: KKM sistemden azalarak çıkacak,Sabah,İş,2024-05-28T18:52:11Z,news.google.com/articles/CBMibmh0dHBzOi8vd3d3LnNhYmFoLmNvbS50ci9la29ub21pL3R1cmtpeWUtYmFua2FsYXItYmlybGlnaS1iYXNrYW5pLWNha2FyLWtrbS1zaXN0ZW1kZW4tYXphbGFyYWstY2lrYWNhay02OTU4MzYw0gFwaHR0cHM6Ly9tLnNhYmFoLmNvbS50ci9la29ub21pL3R1cmtpeWUtYmFua2FsYXItYmlybGlnaS1iYXNrYW5pLWNha2FyLWtrbS1zaXN0ZW1kZW4tYXphbGFyYWstY2lrYWNhay02OTU4MzYwL2FtcA?hl=tr&gl=TR&ceid=TR%3Atr
186,"BENZİN, MAZOT FİYATI SON DAKİKA: BRENT kayıplarını topladı! Güncel akaryakıt fiyatları ne kadar?",Sabah,İş,2024-05-29T14:16:00Z,news.google.com/articles/CBMijQFodHRwczovL3d3dy5zYWJhaC5jb20udHIvZm90b2hhYmVyL2Vrb25vbWkvYnJlbnQta2F5aXBsYXJpbmktdG9wbGFkaS1iZW56aW4tbWF6b3QtZml5YXRpLWljaW4taW5kaXJpbS16YW0tdmFyLW1pLWFrYXJ5YWtpdC1maXlhdGxhcmktbmUta2FkYXLSAY8BaHR0cHM6Ly9tLnNhYmFoLmNvbS50ci9mb3RvaGFiZXIvZWtvbm9taS9icmVudC1rYXlpcGxhcmluaS10b3BsYWRpLWJlbnppbi1tYXpvdC1maXlhdGktaWNpbi1pbmRpcmltLXphbS12YXItbWktYWthcnlha2l0LWZpeWF0bGFyaS1uZS1rYWRhci9hbXA?hl=tr&gl=TR&ceid=TR%3Atr
187,Benzin ve motorin güncel fiyatları (30 Mayıs 2024 akaryakıt fiyatları),Dünya Gazetesi,İş,2024-05-30T04:32:00Z,news.google.com/articles/CBMieWh0dHBzOi8vd3d3LmR1bnlhLmNvbS9zZWt0b3JsZXIvZW5lcmppL2Jlbnppbi12ZS1tb3RvcmluLWd1bmNlbC1maXlhdGxhcmktMzAtbWF5aXMtMjAyNC1ha2FyeWFraXQtZml5YXRsYXJpLWhhYmVyaS03Mjk2MTnSAQA?hl=tr&gl=TR&ceid=TR%3Atr
188,Akaryakıtta Bir İndirim Daha! Fiyatlar Pompaya Yansıdı!,Karamanın Sesi,İş,2024-05-29T13:08:23Z,news.google.com/articles/CBMiYWh0dHBzOi8vd3d3LmthcmFtYW5pbnNlc2kuY29tL2FrYXJ5YWtpdHRhLWJpci1pbmRpcmltLWRhaGEtZml5YXRsYXItcG9tcGF5YS15YW5zaWRpLTItaDQ1ODQzLmh0bWzSAWVodHRwczovL3d3dy5rYXJhbWFuaW5zZXNpLmNvbS9hbXAvYWthcnlha2l0dGEtYmlyLWluZGlyaW0tZGFoYS1maXlhdGxhci1wb21wYXlhLXlhbnNpZGktMi1oNDU4NDMuaHRtbA?hl=tr&gl=TR&ceid=TR%3Atr
189,"BENZİN, MAZOT FİYATI SON DAKİKA: BRENT’te büyük kayıp! 28 Mayıs 2024 benzin ve mazot fiyatı kaç TL?",Sabah,İş,2024-05-28T09:43:00Z,news.google.com/articles/CBMilwFodHRwczovL3d3dy5zYWJhaC5jb20udHIvZm90b2hhYmVyL2Vrb25vbWkvYmVuemluLW1hem90LWZpeWF0aS1icmVudC00LWF5aW4tZW4tZHVzdWd1bnUtZ29yZHUtaW5kaXJpbS16YW0tZ2VsZGktbWktYmVuemluLXZlLW1vdG9yaW4tZml5YXRsYXJpLW5lLWthZGFy0gGZAWh0dHBzOi8vbS5zYWJhaC5jb20udHIvZm90b2hhYmVyL2Vrb25vbWkvYmVuemluLW1hem90LWZpeWF0aS1icmVudC00LWF5aW4tZW4tZHVzdWd1bnUtZ29yZHUtaW5kaXJpbS16YW0tZ2VsZGktbWktYmVuemluLXZlLW1vdG9yaW4tZml5YXRsYXJpLW5lLWthZGFyL2FtcA?hl=tr&gl=TR&ceid=TR%3Atr
190,ATM'lere yeni güncelleme geldi! Artık bunu yapanın kartını ATM'ler anında yutacak,Kocaeli Gazetesi,İş,2024-05-28T19:36:00Z,news.google.com/articles/CBMigAFodHRwczovL3d3dy5rb2NhZWxpZ2F6ZXRlc2kuY29tLnRyL2hhYmVyLzIwMzIzMTM3L2F0bWxlcmUteWVuaS1ndW5jZWxsZW1lLWdlbGRpLWFydGlrLWJ1bnUteWFwYW5pbi1rYXJ0aW5pLWF0bWxlci1hbmluZGEteXV0YWNha9IBhAFodHRwczovL3d3dy5rb2NhZWxpZ2F6ZXRlc2kuY29tLnRyL2FtcC9oYWJlci8yMDMyMzEzNy9hdG1sZXJlLXllbmktZ3VuY2VsbGVtZS1nZWxkaS1hcnRpay1idW51LXlhcGFuaW4ta2FydGluaS1hdG1sZXItYW5pbmRhLXl1dGFjYWs?hl=tr&gl=TR&ceid=TR%3Atr
191,Para transferlerinde yeni sistem resmen başladı!,Telgraf Gazetesi,İş,2024-05-29T15:15:00Z,news.google.com/articles/CBMiUmh0dHBzOi8vdGVsZ3JhZi5uZXQvaGFiZXIvMjAzMjg3MTgvcGFyYS10cmFuc2ZlcmxlcmluZGUteWVuaS1zaXN0ZW0tcmVzbWVuLWJhc2xhZGnSAVZodHRwczovL3RlbGdyYWYubmV0L2FtcC9oYWJlci8yMDMyODcxOC9wYXJhLXRyYW5zZmVybGVyaW5kZS15ZW5pLXNpc3RlbS1yZXNtZW4tYmFzbGFkaQ?hl=tr&gl=TR&ceid=TR%3Atr
192,ATM’de bu hatayı yapanların kartı hemen yutuluyor!,kamuajans,İş,2024-05-25T22:30:00Z,news.google.com/articles/CBMiV2h0dHBzOi8vd3d3LmthbXVhamFucy5uZXQvaGFiZXIvYXRtZGUtYnUtaGF0YXlpLXlhcGFubGFyaW4ta2FydGktaGVtZW4teXV0dWx1eW9yLTYwMTQ3N9IBW2h0dHBzOi8vd3d3LmthbXVhamFucy5uZXQvYW1wL2hhYmVyL2F0bWRlLWJ1LWhhdGF5aS15YXBhbmxhcmluLWthcnRpLWhlbWVuLXl1dHVsdXlvci02MDE0Nzc?hl=tr&gl=TR&ceid=TR%3Atr
193,Artık daha kolay! ATM’ye gidecekler sistem değişti!,Ahaber,İş,2024-05-30T04:59:31Z,news.google.com/articles/CBMiWWh0dHBzOi8vd3d3LmFoYWJlci5jb20udHIvZ2FsZXJpL2Vrb25vbWkvYXJ0aWstZGFoYS1rb2xheS1hdG15ZS1naWRlY2VrbGVyLXNpc3RlbS1kZWdpc3Rp0gFdaHR0cHM6Ly93d3cuYWhhYmVyLmNvbS50ci9nYWxlcmkvZWtvbm9taS9hcnRpay1kYWhhLWtvbGF5LWF0bXllLWdpZGVjZWtsZXItc2lzdGVtLWRlZ2lzdGkvYW1w?hl=tr&gl=TR&ceid=TR%3Atr
